Experiment_ID	Date	Plate_ID	Plate_No	Plate_Row	Plate_Col	Cell_Line_ID	Well_ID	Well_No	CRISPR_ID	CRISPR_ctrl	treatment_ID	treatment_dose	treatment_ctrl
20201218_JM	20201218	20201218_JM_01	1	A	1	4T1	A01	1	NULL	NULL	NULL	0	NULL
20201218_JM	20201218	20201218_JM_01	1	B	1	4T1	B01	2	NULL	NULL	NULL	0	NULL
20201218_JM	20201218	20201218_JM_01	1	C	1	4T1	C01	3	NC_pooled	neg	NULL	0	NULL
20201218_JM	20201218	20201218_JM_01	1	D	1	4T1	D01	4	mPARP7_pooled	none	NULL	0	NULL
20201218_JM	20201218	20201218_JM_01	1	E	1	4T1	E01	5	mADAR_pooled	none	NULL	0	NULL
20201218_JM	20201218	20201218_JM_01	1	F	1	4T1	F01	6	mTREX1_pooled	none	NULL	0	NULL
20201218_JM	20201218	20201218_JM_01	1	G	1	4T1	G01	7	mWRN_pooled	none	NULL	0	NULL
20201218_JM	20201218	20201218_JM_01	1	H	1	4T1	H01	8	mDHX9_pooled	none	NULL	0	NULL
20201218_JM	20201218	20201218_JM_01	1	I	1	4T1	I01	9	mDDX5_pooled	none	NULL	0	NULL
20201218_JM	20201218	20201218_JM_01	1	J	1	4T1	J01	10	mRNASEH2A_pooled	none	NULL	0	NULL
20201218_JM	20201218	20201218_JM_01	1	K	1	4T1	K01	11	mDDX3X_pooled	none	NULL	0	NULL
20201218_JM	20201218	20201218_JM_01	1	L	1	4T1	L01	12	mPARP14_pooled	none	NULL	0	NULL
20201218_JM	20201218	20201218_JM_01	1	M	1	4T1	M01	13	mDDX6_pooled	none	NULL	0	NULL
20201218_JM	20201218	20201218_JM_01	1	N	1	4T1	N01	14	Lethal	pos	NULL	0	NULL
20201218_JM	20201218	20201218_JM_01	1	O	1	4T1	O01	15	NULL	NULL	NULL	0	NULL
20201218_JM	20201218	20201218_JM_01	1	P	1	4T1	P01	16	NULL	NULL	NULL	0	NULL
20201218_JM	20201218	20201218_JM_01	1	A	2	4T1	A02	17	NULL	NULL	NULL	0	NULL
20201218_JM	20201218	20201218_JM_01	1	B	2	4T1	B02	18	NULL	NULL	NULL	0	NULL
20201218_JM	20201218	20201218_JM_01	1	C	2	4T1	C02	19	NC_pooled	neg	NULL	0	NULL
20201218_JM	20201218	20201218_JM_01	1	D	2	4T1	D02	20	mPARP7_pooled	none	NULL	0	NULL
20201218_JM	20201218	20201218_JM_01	1	E	2	4T1	E02	21	mADAR_pooled	none	NULL	0	NULL
20201218_JM	20201218	20201218_JM_01	1	F	2	4T1	F02	22	mTREX1_pooled	none	NULL	0	NULL
20201218_JM	20201218	20201218_JM_01	1	G	2	4T1	G02	23	mWRN_pooled	none	NULL	0	NULL
20201218_JM	20201218	20201218_JM_01	1	H	2	4T1	H02	24	mDHX9_pooled	none	NULL	0	NULL
20201218_JM	20201218	20201218_JM_01	1	I	2	4T1	I02	25	mDDX5_pooled	none	NULL	0	NULL
20201218_JM	20201218	20201218_JM_01	1	J	2	4T1	J02	26	mRNASEH2A_pooled	none	NULL	0	NULL
20201218_JM	20201218	20201218_JM_01	1	K	2	4T1	K02	27	mDDX3X_pooled	none	NULL	0	NULL
20201218_JM	20201218	20201218_JM_01	1	L	2	4T1	L02	28	mPARP14_pooled	none	NULL	0	NULL
20201218_JM	20201218	20201218_JM_01	1	M	2	4T1	M02	29	mDDX6_pooled	none	NULL	0	NULL
20201218_JM	20201218	20201218_JM_01	1	N	2	4T1	N02	30	Lethal	pos	NULL	0	NULL
20201218_JM	20201218	20201218_JM_01	1	O	2	4T1	O02	31	NULL	NULL	NULL	0	NULL
20201218_JM	20201218	20201218_JM_01	1	P	2	4T1	P02	32	NULL	NULL	NULL	0	NULL
20201218_JM	20201218	20201218_JM_01	1	A	3	4T1	A03	33	NULL	NULL	PBS	-1	neg
20201218_JM	20201218	20201218_JM_01	1	B	3	4T1	B03	34	NULL	NULL	PBS	-1	neg
20201218_JM	20201218	20201218_JM_01	1	C	3	4T1	C03	35	NC_pooled	neg	PBS	-1	neg
20201218_JM	20201218	20201218_JM_01	1	D	3	4T1	D03	36	mPARP7_pooled	none	PBS	-1	neg
20201218_JM	20201218	20201218_JM_01	1	E	3	4T1	E03	37	mADAR_pooled	none	PBS	-1	neg
20201218_JM	20201218	20201218_JM_01	1	F	3	4T1	F03	38	mTREX1_pooled	none	PBS	-1	neg
20201218_JM	20201218	20201218_JM_01	1	G	3	4T1	G03	39	mWRN_pooled	none	PBS	-1	neg
20201218_JM	20201218	20201218_JM_01	1	H	3	4T1	H03	40	mDHX9_pooled	none	PBS	-1	neg
20201218_JM	20201218	20201218_JM_01	1	I	3	4T1	I03	41	mDDX5_pooled	none	PBS	-1	neg
20201218_JM	20201218	20201218_JM_01	1	J	3	4T1	J03	42	mRNASEH2A_pooled	none	PBS	-1	neg
20201218_JM	20201218	20201218_JM_01	1	K	3	4T1	K03	43	mDDX3X_pooled	none	PBS	-1	neg
20201218_JM	20201218	20201218_JM_01	1	L	3	4T1	L03	44	mPARP14_pooled	none	PBS	-1	neg
20201218_JM	20201218	20201218_JM_01	1	M	3	4T1	M03	45	mDDX6_pooled	none	PBS	-1	neg
20201218_JM	20201218	20201218_JM_01	1	N	3	4T1	N03	46	Lethal	pos	PBS	-1	neg
20201218_JM	20201218	20201218_JM_01	1	O	3	4T1	O03	47	NULL	NULL	PBS	-1	neg
20201218_JM	20201218	20201218_JM_01	1	P	3	4T1	P03	48	NULL	NULL	PBS	-1	neg
20201218_JM	20201218	20201218_JM_01	1	A	4	4T1	A04	49	NULL	NULL	PBS	-1	neg
20201218_JM	20201218	20201218_JM_01	1	B	4	4T1	B04	50	NULL	NULL	PBS	-1	neg
20201218_JM	20201218	20201218_JM_01	1	C	4	4T1	C04	51	NC_pooled	neg	PBS	-1	neg
20201218_JM	20201218	20201218_JM_01	1	D	4	4T1	D04	52	mPARP7_pooled	none	PBS	-1	neg
20201218_JM	20201218	20201218_JM_01	1	E	4	4T1	E04	53	mADAR_pooled	none	PBS	-1	neg
20201218_JM	20201218	20201218_JM_01	1	F	4	4T1	F04	54	mTREX1_pooled	none	PBS	-1	neg
20201218_JM	20201218	20201218_JM_01	1	G	4	4T1	G04	55	mWRN_pooled	none	PBS	-1	neg
20201218_JM	20201218	20201218_JM_01	1	H	4	4T1	H04	56	mDHX9_pooled	none	PBS	-1	neg
20201218_JM	20201218	20201218_JM_01	1	I	4	4T1	I04	57	mDDX5_pooled	none	PBS	-1	neg
20201218_JM	20201218	20201218_JM_01	1	J	4	4T1	J04	58	mRNASEH2A_pooled	none	PBS	-1	neg
20201218_JM	20201218	20201218_JM_01	1	K	4	4T1	K04	59	mDDX3X_pooled	none	PBS	-1	neg
20201218_JM	20201218	20201218_JM_01	1	L	4	4T1	L04	60	mPARP14_pooled	none	PBS	-1	neg
20201218_JM	20201218	20201218_JM_01	1	M	4	4T1	M04	61	mDDX6_pooled	none	PBS	-1	neg
20201218_JM	20201218	20201218_JM_01	1	N	4	4T1	N04	62	Lethal	pos	PBS	-1	neg
20201218_JM	20201218	20201218_JM_01	1	O	4	4T1	O04	63	NULL	NULL	PBS	-1	neg
20201218_JM	20201218	20201218_JM_01	1	P	4	4T1	P04	64	NULL	NULL	PBS	-1	neg
20201218_JM	20201218	20201218_JM_01	1	A	5	4T1	A05	65	NULL	NULL	PBS	-1	neg
20201218_JM	20201218	20201218_JM_01	1	B	5	4T1	B05	66	NULL	NULL	PBS	-1	neg
20201218_JM	20201218	20201218_JM_01	1	C	5	4T1	C05	67	NC_pooled	neg	PBS	-1	neg
20201218_JM	20201218	20201218_JM_01	1	D	5	4T1	D05	68	mPARP7_pooled	none	PBS	-1	neg
20201218_JM	20201218	20201218_JM_01	1	E	5	4T1	E05	69	mADAR_pooled	none	PBS	-1	neg
20201218_JM	20201218	20201218_JM_01	1	F	5	4T1	F05	70	mTREX1_pooled	none	PBS	-1	neg
20201218_JM	20201218	20201218_JM_01	1	G	5	4T1	G05	71	mWRN_pooled	none	PBS	-1	neg
20201218_JM	20201218	20201218_JM_01	1	H	5	4T1	H05	72	mDHX9_pooled	none	PBS	-1	neg
20201218_JM	20201218	20201218_JM_01	1	I	5	4T1	I05	73	mDDX5_pooled	none	PBS	-1	neg
20201218_JM	20201218	20201218_JM_01	1	J	5	4T1	J05	74	mRNASEH2A_pooled	none	PBS	-1	neg
20201218_JM	20201218	20201218_JM_01	1	K	5	4T1	K05	75	mDDX3X_pooled	none	PBS	-1	neg
20201218_JM	20201218	20201218_JM_01	1	L	5	4T1	L05	76	mPARP14_pooled	none	PBS	-1	neg
20201218_JM	20201218	20201218_JM_01	1	M	5	4T1	M05	77	mDDX6_pooled	none	PBS	-1	neg
20201218_JM	20201218	20201218_JM_01	1	N	5	4T1	N05	78	Lethal	pos	PBS	-1	neg
20201218_JM	20201218	20201218_JM_01	1	O	5	4T1	O05	79	NULL	NULL	PBS	-1	neg
20201218_JM	20201218	20201218_JM_01	1	P	5	4T1	P05	80	NULL	NULL	PBS	-1	neg
20201218_JM	20201218	20201218_JM_01	1	A	6	4T1	A06	81	NULL	NULL	PBS	-1	neg
20201218_JM	20201218	20201218_JM_01	1	B	6	4T1	B06	82	NULL	NULL	PBS	-1	neg
20201218_JM	20201218	20201218_JM_01	1	C	6	4T1	C06	83	NC_pooled	neg	PBS	-1	neg
20201218_JM	20201218	20201218_JM_01	1	D	6	4T1	D06	84	mPARP7_pooled	none	PBS	-1	neg
20201218_JM	20201218	20201218_JM_01	1	E	6	4T1	E06	85	mADAR_pooled	none	PBS	-1	neg
20201218_JM	20201218	20201218_JM_01	1	F	6	4T1	F06	86	mTREX1_pooled	none	PBS	-1	neg
20201218_JM	20201218	20201218_JM_01	1	G	6	4T1	G06	87	mWRN_pooled	none	PBS	-1	neg
20201218_JM	20201218	20201218_JM_01	1	H	6	4T1	H06	88	mDHX9_pooled	none	PBS	-1	neg
20201218_JM	20201218	20201218_JM_01	1	I	6	4T1	I06	89	mDDX5_pooled	none	PBS	-1	neg
20201218_JM	20201218	20201218_JM_01	1	J	6	4T1	J06	90	mRNASEH2A_pooled	none	PBS	-1	neg
20201218_JM	20201218	20201218_JM_01	1	K	6	4T1	K06	91	mDDX3X_pooled	none	PBS	-1	neg
20201218_JM	20201218	20201218_JM_01	1	L	6	4T1	L06	92	mPARP14_pooled	none	PBS	-1	neg
20201218_JM	20201218	20201218_JM_01	1	M	6	4T1	M06	93	mDDX6_pooled	none	PBS	-1	neg
20201218_JM	20201218	20201218_JM_01	1	N	6	4T1	N06	94	Lethal	pos	PBS	-1	neg
20201218_JM	20201218	20201218_JM_01	1	O	6	4T1	O06	95	NULL	NULL	PBS	-1	neg
20201218_JM	20201218	20201218_JM_01	1	P	6	4T1	P06	96	NULL	NULL	PBS	-1	neg
20201218_JM	20201218	20201218_JM_01	1	A	7	4T1	A07	97	NULL	NULL	mIFNb	1000U/mL	none
20201218_JM	20201218	20201218_JM_01	1	B	7	4T1	B07	98	NULL	NULL	mIFNb	1000U/mL	none
20201218_JM	20201218	20201218_JM_01	1	C	7	4T1	C07	99	NC_pooled	neg	mIFNb	1000U/mL	none
20201218_JM	20201218	20201218_JM_01	1	D	7	4T1	D07	100	mPARP7_pooled	none	mIFNb	1000U/mL	none
20201218_JM	20201218	20201218_JM_01	1	E	7	4T1	E07	101	mADAR_pooled	none	mIFNb	1000U/mL	none
20201218_JM	20201218	20201218_JM_01	1	F	7	4T1	F07	102	mTREX1_pooled	none	mIFNb	1000U/mL	none
20201218_JM	20201218	20201218_JM_01	1	G	7	4T1	G07	103	mWRN_pooled	none	mIFNb	1000U/mL	none
20201218_JM	20201218	20201218_JM_01	1	H	7	4T1	H07	104	mDHX9_pooled	none	mIFNb	1000U/mL	none
20201218_JM	20201218	20201218_JM_01	1	I	7	4T1	I07	105	mDDX5_pooled	none	mIFNb	1000U/mL	none
20201218_JM	20201218	20201218_JM_01	1	J	7	4T1	J07	106	mRNASEH2A_pooled	none	mIFNb	1000U/mL	none
20201218_JM	20201218	20201218_JM_01	1	K	7	4T1	K07	107	mDDX3X_pooled	none	mIFNb	1000U/mL	none
20201218_JM	20201218	20201218_JM_01	1	L	7	4T1	L07	108	mPARP14_pooled	none	mIFNb	1000U/mL	none
20201218_JM	20201218	20201218_JM_01	1	M	7	4T1	M07	109	mDDX6_pooled	none	mIFNb	1000U/mL	none
20201218_JM	20201218	20201218_JM_01	1	N	7	4T1	N07	110	Lethal	pos	mIFNb	1000U/mL	none
20201218_JM	20201218	20201218_JM_01	1	O	7	4T1	O07	111	NULL	NULL	mIFNb	1000U/mL	none
20201218_JM	20201218	20201218_JM_01	1	P	7	4T1	P07	112	NULL	NULL	mIFNb	1000U/mL	none
20201218_JM	20201218	20201218_JM_01	1	A	8	4T1	A08	113	NULL	NULL	mIFNb	1000U/mL	none
20201218_JM	20201218	20201218_JM_01	1	B	8	4T1	B08	114	NULL	NULL	mIFNb	1000U/mL	none
20201218_JM	20201218	20201218_JM_01	1	C	8	4T1	C08	115	NC_pooled	neg	mIFNb	1000U/mL	none
20201218_JM	20201218	20201218_JM_01	1	D	8	4T1	D08	116	mPARP7_pooled	none	mIFNb	1000U/mL	none
20201218_JM	20201218	20201218_JM_01	1	E	8	4T1	E08	117	mADAR_pooled	none	mIFNb	1000U/mL	none
20201218_JM	20201218	20201218_JM_01	1	F	8	4T1	F08	118	mTREX1_pooled	none	mIFNb	1000U/mL	none
20201218_JM	20201218	20201218_JM_01	1	G	8	4T1	G08	119	mWRN_pooled	none	mIFNb	1000U/mL	none
20201218_JM	20201218	20201218_JM_01	1	H	8	4T1	H08	120	mDHX9_pooled	none	mIFNb	1000U/mL	none
20201218_JM	20201218	20201218_JM_01	1	I	8	4T1	I08	121	mDDX5_pooled	none	mIFNb	1000U/mL	none
20201218_JM	20201218	20201218_JM_01	1	J	8	4T1	J08	122	mRNASEH2A_pooled	none	mIFNb	1000U/mL	none
20201218_JM	20201218	20201218_JM_01	1	K	8	4T1	K08	123	mDDX3X_pooled	none	mIFNb	1000U/mL	none
20201218_JM	20201218	20201218_JM_01	1	L	8	4T1	L08	124	mPARP14_pooled	none	mIFNb	1000U/mL	none
20201218_JM	20201218	20201218_JM_01	1	M	8	4T1	M08	125	mDDX6_pooled	none	mIFNb	1000U/mL	none
20201218_JM	20201218	20201218_JM_01	1	N	8	4T1	N08	126	Lethal	pos	mIFNb	1000U/mL	none
20201218_JM	20201218	20201218_JM_01	1	O	8	4T1	O08	127	NULL	NULL	mIFNb	1000U/mL	none
20201218_JM	20201218	20201218_JM_01	1	P	8	4T1	P08	128	NULL	NULL	mIFNb	1000U/mL	none
20201218_JM	20201218	20201218_JM_01	1	A	9	4T1	A09	129	NULL	NULL	mIFNb	1000U/mL	none
20201218_JM	20201218	20201218_JM_01	1	B	9	4T1	B09	130	NULL	NULL	mIFNb	1000U/mL	none
20201218_JM	20201218	20201218_JM_01	1	C	9	4T1	C09	131	NC_pooled	neg	mIFNb	1000U/mL	none
20201218_JM	20201218	20201218_JM_01	1	D	9	4T1	D09	132	mPARP7_pooled	none	mIFNb	1000U/mL	none
20201218_JM	20201218	20201218_JM_01	1	E	9	4T1	E09	133	mADAR_pooled	none	mIFNb	1000U/mL	none
20201218_JM	20201218	20201218_JM_01	1	F	9	4T1	F09	134	mTREX1_pooled	none	mIFNb	1000U/mL	none
20201218_JM	20201218	20201218_JM_01	1	G	9	4T1	G09	135	mWRN_pooled	none	mIFNb	1000U/mL	none
20201218_JM	20201218	20201218_JM_01	1	H	9	4T1	H09	136	mDHX9_pooled	none	mIFNb	1000U/mL	none
20201218_JM	20201218	20201218_JM_01	1	I	9	4T1	I09	137	mDDX5_pooled	none	mIFNb	1000U/mL	none
20201218_JM	20201218	20201218_JM_01	1	J	9	4T1	J09	138	mRNASEH2A_pooled	none	mIFNb	1000U/mL	none
20201218_JM	20201218	20201218_JM_01	1	K	9	4T1	K09	139	mDDX3X_pooled	none	mIFNb	1000U/mL	none
20201218_JM	20201218	20201218_JM_01	1	L	9	4T1	L09	140	mPARP14_pooled	none	mIFNb	1000U/mL	none
20201218_JM	20201218	20201218_JM_01	1	M	9	4T1	M09	141	mDDX6_pooled	none	mIFNb	1000U/mL	none
20201218_JM	20201218	20201218_JM_01	1	N	9	4T1	N09	142	Lethal	pos	mIFNb	1000U/mL	none
20201218_JM	20201218	20201218_JM_01	1	O	9	4T1	O09	143	NULL	NULL	mIFNb	1000U/mL	none
20201218_JM	20201218	20201218_JM_01	1	P	9	4T1	P09	144	NULL	NULL	mIFNb	1000U/mL	none
20201218_JM	20201218	20201218_JM_01	1	A	10	4T1	A10	145	NULL	NULL	mIFNb	1000U/mL	none
20201218_JM	20201218	20201218_JM_01	1	B	10	4T1	B10	146	NULL	NULL	mIFNb	1000U/mL	none
20201218_JM	20201218	20201218_JM_01	1	C	10	4T1	C10	147	NC_pooled	neg	mIFNb	1000U/mL	none
20201218_JM	20201218	20201218_JM_01	1	D	10	4T1	D10	148	mPARP7_pooled	none	mIFNb	1000U/mL	none
20201218_JM	20201218	20201218_JM_01	1	E	10	4T1	E10	149	mADAR_pooled	none	mIFNb	1000U/mL	none
20201218_JM	20201218	20201218_JM_01	1	F	10	4T1	F10	150	mTREX1_pooled	none	mIFNb	1000U/mL	none
20201218_JM	20201218	20201218_JM_01	1	G	10	4T1	G10	151	mWRN_pooled	none	mIFNb	1000U/mL	none
20201218_JM	20201218	20201218_JM_01	1	H	10	4T1	H10	152	mDHX9_pooled	none	mIFNb	1000U/mL	none
20201218_JM	20201218	20201218_JM_01	1	I	10	4T1	I10	153	mDDX5_pooled	none	mIFNb	1000U/mL	none
20201218_JM	20201218	20201218_JM_01	1	J	10	4T1	J10	154	mRNASEH2A_pooled	none	mIFNb	1000U/mL	none
20201218_JM	20201218	20201218_JM_01	1	K	10	4T1	K10	155	mDDX3X_pooled	none	mIFNb	1000U/mL	none
20201218_JM	20201218	20201218_JM_01	1	L	10	4T1	L10	156	mPARP14_pooled	none	mIFNb	1000U/mL	none
20201218_JM	20201218	20201218_JM_01	1	M	10	4T1	M10	157	mDDX6_pooled	none	mIFNb	1000U/mL	none
20201218_JM	20201218	20201218_JM_01	1	N	10	4T1	N10	158	Lethal	pos	mIFNb	1000U/mL	none
20201218_JM	20201218	20201218_JM_01	1	O	10	4T1	O10	159	NULL	NULL	mIFNb	1000U/mL	none
20201218_JM	20201218	20201218_JM_01	1	P	10	4T1	P10	160	NULL	NULL	mIFNb	1000U/mL	none
20201218_JM	20201218	20201218_JM_01	1	A	11	4T1	A11	161	NULL	NULL	mIFNg	100ng/mL	none
20201218_JM	20201218	20201218_JM_01	1	B	11	4T1	B11	162	NULL	NULL	mIFNg	100ng/mL	none
20201218_JM	20201218	20201218_JM_01	1	C	11	4T1	C11	163	NC_pooled	neg	mIFNg	100ng/mL	none
20201218_JM	20201218	20201218_JM_01	1	D	11	4T1	D11	164	mPARP7_pooled	none	mIFNg	100ng/mL	none
20201218_JM	20201218	20201218_JM_01	1	E	11	4T1	E11	165	mADAR_pooled	none	mIFNg	100ng/mL	none
20201218_JM	20201218	20201218_JM_01	1	F	11	4T1	F11	166	mTREX1_pooled	none	mIFNg	100ng/mL	none
20201218_JM	20201218	20201218_JM_01	1	G	11	4T1	G11	167	mWRN_pooled	none	mIFNg	100ng/mL	none
20201218_JM	20201218	20201218_JM_01	1	H	11	4T1	H11	168	mDHX9_pooled	none	mIFNg	100ng/mL	none
20201218_JM	20201218	20201218_JM_01	1	I	11	4T1	I11	169	mDDX5_pooled	none	mIFNg	100ng/mL	none
20201218_JM	20201218	20201218_JM_01	1	J	11	4T1	J11	170	mRNASEH2A_pooled	none	mIFNg	100ng/mL	none
20201218_JM	20201218	20201218_JM_01	1	K	11	4T1	K11	171	mDDX3X_pooled	none	mIFNg	100ng/mL	none
20201218_JM	20201218	20201218_JM_01	1	L	11	4T1	L11	172	mPARP14_pooled	none	mIFNg	100ng/mL	none
20201218_JM	20201218	20201218_JM_01	1	M	11	4T1	M11	173	mDDX6_pooled	none	mIFNg	100ng/mL	none
20201218_JM	20201218	20201218_JM_01	1	N	11	4T1	N11	174	Lethal	pos	mIFNg	100ng/mL	none
20201218_JM	20201218	20201218_JM_01	1	O	11	4T1	O11	175	NULL	NULL	mIFNg	100ng/mL	none
20201218_JM	20201218	20201218_JM_01	1	P	11	4T1	P11	176	NULL	NULL	mIFNg	100ng/mL	none
20201218_JM	20201218	20201218_JM_01	1	A	12	4T1	A12	177	NULL	NULL	mIFNg	100ng/mL	none
20201218_JM	20201218	20201218_JM_01	1	B	12	4T1	B12	178	NULL	NULL	mIFNg	100ng/mL	none
20201218_JM	20201218	20201218_JM_01	1	C	12	4T1	C12	179	NC_pooled	neg	mIFNg	100ng/mL	none
20201218_JM	20201218	20201218_JM_01	1	D	12	4T1	D12	180	mPARP7_pooled	none	mIFNg	100ng/mL	none
20201218_JM	20201218	20201218_JM_01	1	E	12	4T1	E12	181	mADAR_pooled	none	mIFNg	100ng/mL	none
20201218_JM	20201218	20201218_JM_01	1	F	12	4T1	F12	182	mTREX1_pooled	none	mIFNg	100ng/mL	none
20201218_JM	20201218	20201218_JM_01	1	G	12	4T1	G12	183	mWRN_pooled	none	mIFNg	100ng/mL	none
20201218_JM	20201218	20201218_JM_01	1	H	12	4T1	H12	184	mDHX9_pooled	none	mIFNg	100ng/mL	none
20201218_JM	20201218	20201218_JM_01	1	I	12	4T1	I12	185	mDDX5_pooled	none	mIFNg	100ng/mL	none
20201218_JM	20201218	20201218_JM_01	1	J	12	4T1	J12	186	mRNASEH2A_pooled	none	mIFNg	100ng/mL	none
20201218_JM	20201218	20201218_JM_01	1	K	12	4T1	K12	187	mDDX3X_pooled	none	mIFNg	100ng/mL	none
20201218_JM	20201218	20201218_JM_01	1	L	12	4T1	L12	188	mPARP14_pooled	none	mIFNg	100ng/mL	none
20201218_JM	20201218	20201218_JM_01	1	M	12	4T1	M12	189	mDDX6_pooled	none	mIFNg	100ng/mL	none
20201218_JM	20201218	20201218_JM_01	1	N	12	4T1	N12	190	Lethal	pos	mIFNg	100ng/mL	none
20201218_JM	20201218	20201218_JM_01	1	O	12	4T1	O12	191	NULL	NULL	mIFNg	100ng/mL	none
20201218_JM	20201218	20201218_JM_01	1	P	12	4T1	P12	192	NULL	NULL	mIFNg	100ng/mL	none
20201218_JM	20201218	20201218_JM_01	1	A	13	4T1	A13	193	NULL	NULL	mIFNg	100ng/mL	none
20201218_JM	20201218	20201218_JM_01	1	B	13	4T1	B13	194	NULL	NULL	mIFNg	100ng/mL	none
20201218_JM	20201218	20201218_JM_01	1	C	13	4T1	C13	195	NC_pooled	neg	mIFNg	100ng/mL	none
20201218_JM	20201218	20201218_JM_01	1	D	13	4T1	D13	196	mPARP7_pooled	none	mIFNg	100ng/mL	none
20201218_JM	20201218	20201218_JM_01	1	E	13	4T1	E13	197	mADAR_pooled	none	mIFNg	100ng/mL	none
20201218_JM	20201218	20201218_JM_01	1	F	13	4T1	F13	198	mTREX1_pooled	none	mIFNg	100ng/mL	none
20201218_JM	20201218	20201218_JM_01	1	G	13	4T1	G13	199	mWRN_pooled	none	mIFNg	100ng/mL	none
20201218_JM	20201218	20201218_JM_01	1	H	13	4T1	H13	200	mDHX9_pooled	none	mIFNg	100ng/mL	none
20201218_JM	20201218	20201218_JM_01	1	I	13	4T1	I13	201	mDDX5_pooled	none	mIFNg	100ng/mL	none
20201218_JM	20201218	20201218_JM_01	1	J	13	4T1	J13	202	mRNASEH2A_pooled	none	mIFNg	100ng/mL	none
20201218_JM	20201218	20201218_JM_01	1	K	13	4T1	K13	203	mDDX3X_pooled	none	mIFNg	100ng/mL	none
20201218_JM	20201218	20201218_JM_01	1	L	13	4T1	L13	204	mPARP14_pooled	none	mIFNg	100ng/mL	none
20201218_JM	20201218	20201218_JM_01	1	M	13	4T1	M13	205	mDDX6_pooled	none	mIFNg	100ng/mL	none
20201218_JM	20201218	20201218_JM_01	1	N	13	4T1	N13	206	Lethal	pos	mIFNg	100ng/mL	none
20201218_JM	20201218	20201218_JM_01	1	O	13	4T1	O13	207	NULL	NULL	mIFNg	100ng/mL	none
20201218_JM	20201218	20201218_JM_01	1	P	13	4T1	P13	208	NULL	NULL	mIFNg	100ng/mL	none
20201218_JM	20201218	20201218_JM_01	1	A	14	4T1	A14	209	NULL	NULL	mIFNg	100ng/mL	none
20201218_JM	20201218	20201218_JM_01	1	B	14	4T1	B14	210	NULL	NULL	mIFNg	100ng/mL	none
20201218_JM	20201218	20201218_JM_01	1	C	14	4T1	C14	211	NC_pooled	neg	mIFNg	100ng/mL	none
20201218_JM	20201218	20201218_JM_01	1	D	14	4T1	D14	212	mPARP7_pooled	none	mIFNg	100ng/mL	none
20201218_JM	20201218	20201218_JM_01	1	E	14	4T1	E14	213	mADAR_pooled	none	mIFNg	100ng/mL	none
20201218_JM	20201218	20201218_JM_01	1	F	14	4T1	F14	214	mTREX1_pooled	none	mIFNg	100ng/mL	none
20201218_JM	20201218	20201218_JM_01	1	G	14	4T1	G14	215	mWRN_pooled	none	mIFNg	100ng/mL	none
20201218_JM	20201218	20201218_JM_01	1	H	14	4T1	H14	216	mDHX9_pooled	none	mIFNg	100ng/mL	none
20201218_JM	20201218	20201218_JM_01	1	I	14	4T1	I14	217	mDDX5_pooled	none	mIFNg	100ng/mL	none
20201218_JM	20201218	20201218_JM_01	1	J	14	4T1	J14	218	mRNASEH2A_pooled	none	mIFNg	100ng/mL	none
20201218_JM	20201218	20201218_JM_01	1	K	14	4T1	K14	219	mDDX3X_pooled	none	mIFNg	100ng/mL	none
20201218_JM	20201218	20201218_JM_01	1	L	14	4T1	L14	220	mPARP14_pooled	none	mIFNg	100ng/mL	none
20201218_JM	20201218	20201218_JM_01	1	M	14	4T1	M14	221	mDDX6_pooled	none	mIFNg	100ng/mL	none
20201218_JM	20201218	20201218_JM_01	1	N	14	4T1	N14	222	Lethal	pos	mIFNg	100ng/mL	none
20201218_JM	20201218	20201218_JM_01	1	O	14	4T1	O14	223	NULL	NULL	mIFNg	100ng/mL	none
20201218_JM	20201218	20201218_JM_01	1	P	14	4T1	P14	224	NULL	NULL	mIFNg	100ng/mL	none
20201218_JM	20201218	20201218_JM_01	1	A	15	4T1	A15	225	NULL	NULL	poly(dA:dT)	0.25ug/mL	none
20201218_JM	20201218	20201218_JM_01	1	B	15	4T1	B15	226	NULL	NULL	poly(dA:dT)	0.25ug/mL	none
20201218_JM	20201218	20201218_JM_01	1	C	15	4T1	C15	227	NC_pooled	neg	poly(dA:dT)	0.25ug/mL	none
20201218_JM	20201218	20201218_JM_01	1	D	15	4T1	D15	228	mPARP7_pooled	none	poly(dA:dT)	0.25ug/mL	none
20201218_JM	20201218	20201218_JM_01	1	E	15	4T1	E15	229	mADAR_pooled	none	poly(dA:dT)	0.25ug/mL	none
20201218_JM	20201218	20201218_JM_01	1	F	15	4T1	F15	230	mTREX1_pooled	none	poly(dA:dT)	0.25ug/mL	none
20201218_JM	20201218	20201218_JM_01	1	G	15	4T1	G15	231	mWRN_pooled	none	poly(dA:dT)	0.25ug/mL	none
20201218_JM	20201218	20201218_JM_01	1	H	15	4T1	H15	232	mDHX9_pooled	none	poly(dA:dT)	0.25ug/mL	none
20201218_JM	20201218	20201218_JM_01	1	I	15	4T1	I15	233	mDDX5_pooled	none	poly(dA:dT)	0.25ug/mL	none
20201218_JM	20201218	20201218_JM_01	1	J	15	4T1	J15	234	mRNASEH2A_pooled	none	poly(dA:dT)	0.25ug/mL	none
20201218_JM	20201218	20201218_JM_01	1	K	15	4T1	K15	235	mDDX3X_pooled	none	poly(dA:dT)	0.25ug/mL	none
20201218_JM	20201218	20201218_JM_01	1	L	15	4T1	L15	236	mPARP14_pooled	none	poly(dA:dT)	0.25ug/mL	none
20201218_JM	20201218	20201218_JM_01	1	M	15	4T1	M15	237	mDDX6_pooled	none	poly(dA:dT)	0.25ug/mL	none
20201218_JM	20201218	20201218_JM_01	1	N	15	4T1	N15	238	Lethal	pos	poly(dA:dT)	0.25ug/mL	none
20201218_JM	20201218	20201218_JM_01	1	O	15	4T1	O15	239	NULL	NULL	poly(dA:dT)	0.25ug/mL	none
20201218_JM	20201218	20201218_JM_01	1	P	15	4T1	P15	240	NULL	NULL	poly(dA:dT)	0.25ug/mL	none
20201218_JM	20201218	20201218_JM_01	1	A	16	4T1	A16	241	NULL	NULL	poly(dA:dT)	0.25ug/mL	none
20201218_JM	20201218	20201218_JM_01	1	B	16	4T1	B16	242	NULL	NULL	poly(dA:dT)	0.25ug/mL	none
20201218_JM	20201218	20201218_JM_01	1	C	16	4T1	C16	243	NC_pooled	neg	poly(dA:dT)	0.25ug/mL	none
20201218_JM	20201218	20201218_JM_01	1	D	16	4T1	D16	244	mPARP7_pooled	none	poly(dA:dT)	0.25ug/mL	none
20201218_JM	20201218	20201218_JM_01	1	E	16	4T1	E16	245	mADAR_pooled	none	poly(dA:dT)	0.25ug/mL	none
20201218_JM	20201218	20201218_JM_01	1	F	16	4T1	F16	246	mTREX1_pooled	none	poly(dA:dT)	0.25ug/mL	none
20201218_JM	20201218	20201218_JM_01	1	G	16	4T1	G16	247	mWRN_pooled	none	poly(dA:dT)	0.25ug/mL	none
20201218_JM	20201218	20201218_JM_01	1	H	16	4T1	H16	248	mDHX9_pooled	none	poly(dA:dT)	0.25ug/mL	none
20201218_JM	20201218	20201218_JM_01	1	I	16	4T1	I16	249	mDDX5_pooled	none	poly(dA:dT)	0.25ug/mL	none
20201218_JM	20201218	20201218_JM_01	1	J	16	4T1	J16	250	mRNASEH2A_pooled	none	poly(dA:dT)	0.25ug/mL	none
20201218_JM	20201218	20201218_JM_01	1	K	16	4T1	K16	251	mDDX3X_pooled	none	poly(dA:dT)	0.25ug/mL	none
20201218_JM	20201218	20201218_JM_01	1	L	16	4T1	L16	252	mPARP14_pooled	none	poly(dA:dT)	0.25ug/mL	none
20201218_JM	20201218	20201218_JM_01	1	M	16	4T1	M16	253	mDDX6_pooled	none	poly(dA:dT)	0.25ug/mL	none
20201218_JM	20201218	20201218_JM_01	1	N	16	4T1	N16	254	Lethal	pos	poly(dA:dT)	0.25ug/mL	none
20201218_JM	20201218	20201218_JM_01	1	O	16	4T1	O16	255	NULL	NULL	poly(dA:dT)	0.25ug/mL	none
20201218_JM	20201218	20201218_JM_01	1	P	16	4T1	P16	256	NULL	NULL	poly(dA:dT)	0.25ug/mL	none
20201218_JM	20201218	20201218_JM_01	1	A	17	4T1	A17	257	NULL	NULL	poly(dA:dT)	0.25ug/mL	none
20201218_JM	20201218	20201218_JM_01	1	B	17	4T1	B17	258	NULL	NULL	poly(dA:dT)	0.25ug/mL	none
20201218_JM	20201218	20201218_JM_01	1	C	17	4T1	C17	259	NC_pooled	neg	poly(dA:dT)	0.25ug/mL	none
20201218_JM	20201218	20201218_JM_01	1	D	17	4T1	D17	260	mPARP7_pooled	none	poly(dA:dT)	0.25ug/mL	none
20201218_JM	20201218	20201218_JM_01	1	E	17	4T1	E17	261	mADAR_pooled	none	poly(dA:dT)	0.25ug/mL	none
20201218_JM	20201218	20201218_JM_01	1	F	17	4T1	F17	262	mTREX1_pooled	none	poly(dA:dT)	0.25ug/mL	none
20201218_JM	20201218	20201218_JM_01	1	G	17	4T1	G17	263	mWRN_pooled	none	poly(dA:dT)	0.25ug/mL	none
20201218_JM	20201218	20201218_JM_01	1	H	17	4T1	H17	264	mDHX9_pooled	none	poly(dA:dT)	0.25ug/mL	none
20201218_JM	20201218	20201218_JM_01	1	I	17	4T1	I17	265	mDDX5_pooled	none	poly(dA:dT)	0.25ug/mL	none
20201218_JM	20201218	20201218_JM_01	1	J	17	4T1	J17	266	mRNASEH2A_pooled	none	poly(dA:dT)	0.25ug/mL	none
20201218_JM	20201218	20201218_JM_01	1	K	17	4T1	K17	267	mDDX3X_pooled	none	poly(dA:dT)	0.25ug/mL	none
20201218_JM	20201218	20201218_JM_01	1	L	17	4T1	L17	268	mPARP14_pooled	none	poly(dA:dT)	0.25ug/mL	none
20201218_JM	20201218	20201218_JM_01	1	M	17	4T1	M17	269	mDDX6_pooled	none	poly(dA:dT)	0.25ug/mL	none
20201218_JM	20201218	20201218_JM_01	1	N	17	4T1	N17	270	Lethal	pos	poly(dA:dT)	0.25ug/mL	none
20201218_JM	20201218	20201218_JM_01	1	O	17	4T1	O17	271	NULL	NULL	poly(dA:dT)	0.25ug/mL	none
20201218_JM	20201218	20201218_JM_01	1	P	17	4T1	P17	272	NULL	NULL	poly(dA:dT)	0.25ug/mL	none
20201218_JM	20201218	20201218_JM_01	1	A	18	4T1	A18	273	NULL	NULL	poly(dA:dT)	0.25ug/mL	none
20201218_JM	20201218	20201218_JM_01	1	B	18	4T1	B18	274	NULL	NULL	poly(dA:dT)	0.25ug/mL	none
20201218_JM	20201218	20201218_JM_01	1	C	18	4T1	C18	275	NC_pooled	neg	poly(dA:dT)	0.25ug/mL	none
20201218_JM	20201218	20201218_JM_01	1	D	18	4T1	D18	276	mPARP7_pooled	none	poly(dA:dT)	0.25ug/mL	none
20201218_JM	20201218	20201218_JM_01	1	E	18	4T1	E18	277	mADAR_pooled	none	poly(dA:dT)	0.25ug/mL	none
20201218_JM	20201218	20201218_JM_01	1	F	18	4T1	F18	278	mTREX1_pooled	none	poly(dA:dT)	0.25ug/mL	none
20201218_JM	20201218	20201218_JM_01	1	G	18	4T1	G18	279	mWRN_pooled	none	poly(dA:dT)	0.25ug/mL	none
20201218_JM	20201218	20201218_JM_01	1	H	18	4T1	H18	280	mDHX9_pooled	none	poly(dA:dT)	0.25ug/mL	none
20201218_JM	20201218	20201218_JM_01	1	I	18	4T1	I18	281	mDDX5_pooled	none	poly(dA:dT)	0.25ug/mL	none
20201218_JM	20201218	20201218_JM_01	1	J	18	4T1	J18	282	mRNASEH2A_pooled	none	poly(dA:dT)	0.25ug/mL	none
20201218_JM	20201218	20201218_JM_01	1	K	18	4T1	K18	283	mDDX3X_pooled	none	poly(dA:dT)	0.25ug/mL	none
20201218_JM	20201218	20201218_JM_01	1	L	18	4T1	L18	284	mPARP14_pooled	none	poly(dA:dT)	0.25ug/mL	none
20201218_JM	20201218	20201218_JM_01	1	M	18	4T1	M18	285	mDDX6_pooled	none	poly(dA:dT)	0.25ug/mL	none
20201218_JM	20201218	20201218_JM_01	1	N	18	4T1	N18	286	Lethal	pos	poly(dA:dT)	0.25ug/mL	none
20201218_JM	20201218	20201218_JM_01	1	O	18	4T1	O18	287	NULL	NULL	poly(dA:dT)	0.25ug/mL	none
20201218_JM	20201218	20201218_JM_01	1	P	18	4T1	P18	288	NULL	NULL	poly(dA:dT)	0.25ug/mL	none
20201218_JM	20201218	20201218_JM_01	1	A	19	4T1	A19	289	NULL	NULL	hpRNA	0.25ug/mL	none
20201218_JM	20201218	20201218_JM_01	1	B	19	4T1	B19	290	NULL	NULL	hpRNA	0.25ug/mL	none
20201218_JM	20201218	20201218_JM_01	1	C	19	4T1	C19	291	NC_pooled	neg	hpRNA	0.25ug/mL	none
20201218_JM	20201218	20201218_JM_01	1	D	19	4T1	D19	292	mPARP7_pooled	none	hpRNA	0.25ug/mL	none
20201218_JM	20201218	20201218_JM_01	1	E	19	4T1	E19	293	mADAR_pooled	none	hpRNA	0.25ug/mL	none
20201218_JM	20201218	20201218_JM_01	1	F	19	4T1	F19	294	mTREX1_pooled	none	hpRNA	0.25ug/mL	none
20201218_JM	20201218	20201218_JM_01	1	G	19	4T1	G19	295	mWRN_pooled	none	hpRNA	0.25ug/mL	none
20201218_JM	20201218	20201218_JM_01	1	H	19	4T1	H19	296	mDHX9_pooled	none	hpRNA	0.25ug/mL	none
20201218_JM	20201218	20201218_JM_01	1	I	19	4T1	I19	297	mDDX5_pooled	none	hpRNA	0.25ug/mL	none
20201218_JM	20201218	20201218_JM_01	1	J	19	4T1	J19	298	mRNASEH2A_pooled	none	hpRNA	0.25ug/mL	none
20201218_JM	20201218	20201218_JM_01	1	K	19	4T1	K19	299	mDDX3X_pooled	none	hpRNA	0.25ug/mL	none
20201218_JM	20201218	20201218_JM_01	1	L	19	4T1	L19	300	mPARP14_pooled	none	hpRNA	0.25ug/mL	none
20201218_JM	20201218	20201218_JM_01	1	M	19	4T1	M19	301	mDDX6_pooled	none	hpRNA	0.25ug/mL	none
20201218_JM	20201218	20201218_JM_01	1	N	19	4T1	N19	302	Lethal	pos	hpRNA	0.25ug/mL	none
20201218_JM	20201218	20201218_JM_01	1	O	19	4T1	O19	303	NULL	NULL	hpRNA	0.25ug/mL	none
20201218_JM	20201218	20201218_JM_01	1	P	19	4T1	P19	304	NULL	NULL	hpRNA	0.25ug/mL	none
20201218_JM	20201218	20201218_JM_01	1	A	20	4T1	A20	305	NULL	NULL	hpRNA	0.25ug/mL	none
20201218_JM	20201218	20201218_JM_01	1	B	20	4T1	B20	306	NULL	NULL	hpRNA	0.25ug/mL	none
20201218_JM	20201218	20201218_JM_01	1	C	20	4T1	C20	307	NC_pooled	neg	hpRNA	0.25ug/mL	none
20201218_JM	20201218	20201218_JM_01	1	D	20	4T1	D20	308	mPARP7_pooled	none	hpRNA	0.25ug/mL	none
20201218_JM	20201218	20201218_JM_01	1	E	20	4T1	E20	309	mADAR_pooled	none	hpRNA	0.25ug/mL	none
20201218_JM	20201218	20201218_JM_01	1	F	20	4T1	F20	310	mTREX1_pooled	none	hpRNA	0.25ug/mL	none
20201218_JM	20201218	20201218_JM_01	1	G	20	4T1	G20	311	mWRN_pooled	none	hpRNA	0.25ug/mL	none
20201218_JM	20201218	20201218_JM_01	1	H	20	4T1	H20	312	mDHX9_pooled	none	hpRNA	0.25ug/mL	none
20201218_JM	20201218	20201218_JM_01	1	I	20	4T1	I20	313	mDDX5_pooled	none	hpRNA	0.25ug/mL	none
20201218_JM	20201218	20201218_JM_01	1	J	20	4T1	J20	314	mRNASEH2A_pooled	none	hpRNA	0.25ug/mL	none
20201218_JM	20201218	20201218_JM_01	1	K	20	4T1	K20	315	mDDX3X_pooled	none	hpRNA	0.25ug/mL	none
20201218_JM	20201218	20201218_JM_01	1	L	20	4T1	L20	316	mPARP14_pooled	none	hpRNA	0.25ug/mL	none
20201218_JM	20201218	20201218_JM_01	1	M	20	4T1	M20	317	mDDX6_pooled	none	hpRNA	0.25ug/mL	none
20201218_JM	20201218	20201218_JM_01	1	N	20	4T1	N20	318	Lethal	pos	hpRNA	0.25ug/mL	none
20201218_JM	20201218	20201218_JM_01	1	O	20	4T1	O20	319	NULL	NULL	hpRNA	0.25ug/mL	none
20201218_JM	20201218	20201218_JM_01	1	P	20	4T1	P20	320	NULL	NULL	hpRNA	0.25ug/mL	none
20201218_JM	20201218	20201218_JM_01	1	A	21	4T1	A21	321	NULL	NULL	hpRNA	0.25ug/mL	none
20201218_JM	20201218	20201218_JM_01	1	B	21	4T1	B21	322	NULL	NULL	hpRNA	0.25ug/mL	none
20201218_JM	20201218	20201218_JM_01	1	C	21	4T1	C21	323	NC_pooled	neg	hpRNA	0.25ug/mL	none
20201218_JM	20201218	20201218_JM_01	1	D	21	4T1	D21	324	mPARP7_pooled	none	hpRNA	0.25ug/mL	none
20201218_JM	20201218	20201218_JM_01	1	E	21	4T1	E21	325	mADAR_pooled	none	hpRNA	0.25ug/mL	none
20201218_JM	20201218	20201218_JM_01	1	F	21	4T1	F21	326	mTREX1_pooled	none	hpRNA	0.25ug/mL	none
20201218_JM	20201218	20201218_JM_01	1	G	21	4T1	G21	327	mWRN_pooled	none	hpRNA	0.25ug/mL	none
20201218_JM	20201218	20201218_JM_01	1	H	21	4T1	H21	328	mDHX9_pooled	none	hpRNA	0.25ug/mL	none
20201218_JM	20201218	20201218_JM_01	1	I	21	4T1	I21	329	mDDX5_pooled	none	hpRNA	0.25ug/mL	none
20201218_JM	20201218	20201218_JM_01	1	J	21	4T1	J21	330	mRNASEH2A_pooled	none	hpRNA	0.25ug/mL	none
20201218_JM	20201218	20201218_JM_01	1	K	21	4T1	K21	331	mDDX3X_pooled	none	hpRNA	0.25ug/mL	none
20201218_JM	20201218	20201218_JM_01	1	L	21	4T1	L21	332	mPARP14_pooled	none	hpRNA	0.25ug/mL	none
20201218_JM	20201218	20201218_JM_01	1	M	21	4T1	M21	333	mDDX6_pooled	none	hpRNA	0.25ug/mL	none
20201218_JM	20201218	20201218_JM_01	1	N	21	4T1	N21	334	Lethal	pos	hpRNA	0.25ug/mL	none
20201218_JM	20201218	20201218_JM_01	1	O	21	4T1	O21	335	NULL	NULL	hpRNA	0.25ug/mL	none
20201218_JM	20201218	20201218_JM_01	1	P	21	4T1	P21	336	NULL	NULL	hpRNA	0.25ug/mL	none
20201218_JM	20201218	20201218_JM_01	1	A	22	4T1	A22	337	NULL	NULL	hpRNA	0.25ug/mL	none
20201218_JM	20201218	20201218_JM_01	1	B	22	4T1	B22	338	NULL	NULL	hpRNA	0.25ug/mL	none
20201218_JM	20201218	20201218_JM_01	1	C	22	4T1	C22	339	NC_pooled	neg	hpRNA	0.25ug/mL	none
20201218_JM	20201218	20201218_JM_01	1	D	22	4T1	D22	340	mPARP7_pooled	none	hpRNA	0.25ug/mL	none
20201218_JM	20201218	20201218_JM_01	1	E	22	4T1	E22	341	mADAR_pooled	none	hpRNA	0.25ug/mL	none
20201218_JM	20201218	20201218_JM_01	1	F	22	4T1	F22	342	mTREX1_pooled	none	hpRNA	0.25ug/mL	none
20201218_JM	20201218	20201218_JM_01	1	G	22	4T1	G22	343	mWRN_pooled	none	hpRNA	0.25ug/mL	none
20201218_JM	20201218	20201218_JM_01	1	H	22	4T1	H22	344	mDHX9_pooled	none	hpRNA	0.25ug/mL	none
20201218_JM	20201218	20201218_JM_01	1	I	22	4T1	I22	345	mDDX5_pooled	none	hpRNA	0.25ug/mL	none
20201218_JM	20201218	20201218_JM_01	1	J	22	4T1	J22	346	mRNASEH2A_pooled	none	hpRNA	0.25ug/mL	none
20201218_JM	20201218	20201218_JM_01	1	K	22	4T1	K22	347	mDDX3X_pooled	none	hpRNA	0.25ug/mL	none
20201218_JM	20201218	20201218_JM_01	1	L	22	4T1	L22	348	mPARP14_pooled	none	hpRNA	0.25ug/mL	none
20201218_JM	20201218	20201218_JM_01	1	M	22	4T1	M22	349	mDDX6_pooled	none	hpRNA	0.25ug/mL	none
20201218_JM	20201218	20201218_JM_01	1	N	22	4T1	N22	350	Lethal	pos	hpRNA	0.25ug/mL	none
20201218_JM	20201218	20201218_JM_01	1	O	22	4T1	O22	351	NULL	NULL	hpRNA	0.25ug/mL	none
20201218_JM	20201218	20201218_JM_01	1	P	22	4T1	P22	352	NULL	NULL	hpRNA	0.25ug/mL	none
20201218_JM	20201218	20201218_JM_01	1	A	23	4T1	A23	353	NULL	NULL	NULL	0	NULL
20201218_JM	20201218	20201218_JM_01	1	B	23	4T1	B23	354	NULL	NULL	NULL	0	NULL
20201218_JM	20201218	20201218_JM_01	1	C	23	4T1	C23	355	NC_pooled	neg	NULL	0	NULL
20201218_JM	20201218	20201218_JM_01	1	D	23	4T1	D23	356	mPARP7_pooled	none	NULL	0	NULL
20201218_JM	20201218	20201218_JM_01	1	E	23	4T1	E23	357	mADAR_pooled	none	NULL	0	NULL
20201218_JM	20201218	20201218_JM_01	1	F	23	4T1	F23	358	mTREX1_pooled	none	NULL	0	NULL
20201218_JM	20201218	20201218_JM_01	1	G	23	4T1	G23	359	mWRN_pooled	none	NULL	0	NULL
20201218_JM	20201218	20201218_JM_01	1	H	23	4T1	H23	360	mDHX9_pooled	none	NULL	0	NULL
20201218_JM	20201218	20201218_JM_01	1	I	23	4T1	I23	361	mDDX5_pooled	none	NULL	0	NULL
20201218_JM	20201218	20201218_JM_01	1	J	23	4T1	J23	362	mRNASEH2A_pooled	none	NULL	0	NULL
20201218_JM	20201218	20201218_JM_01	1	K	23	4T1	K23	363	mDDX3X_pooled	none	NULL	0	NULL
20201218_JM	20201218	20201218_JM_01	1	L	23	4T1	L23	364	mPARP14_pooled	none	NULL	0	NULL
20201218_JM	20201218	20201218_JM_01	1	M	23	4T1	M23	365	mDDX6_pooled	none	NULL	0	NULL
20201218_JM	20201218	20201218_JM_01	1	N	23	4T1	N23	366	Lethal	pos	NULL	0	NULL
20201218_JM	20201218	20201218_JM_01	1	O	23	4T1	O23	367	NULL	NULL	NULL	0	NULL
20201218_JM	20201218	20201218_JM_01	1	P	23	4T1	P23	368	NULL	NULL	NULL	0	NULL
20201218_JM	20201218	20201218_JM_01	1	A	24	4T1	A24	369	NULL	NULL	NULL	0	NULL
20201218_JM	20201218	20201218_JM_01	1	B	24	4T1	B24	370	NULL	NULL	NULL	0	NULL
20201218_JM	20201218	20201218_JM_01	1	C	24	4T1	C24	371	NC_pooled	neg	NULL	0	NULL
20201218_JM	20201218	20201218_JM_01	1	D	24	4T1	D24	372	mPARP7_pooled	none	NULL	0	NULL
20201218_JM	20201218	20201218_JM_01	1	E	24	4T1	E24	373	mADAR_pooled	none	NULL	0	NULL
20201218_JM	20201218	20201218_JM_01	1	F	24	4T1	F24	374	mTREX1_pooled	none	NULL	0	NULL
20201218_JM	20201218	20201218_JM_01	1	G	24	4T1	G24	375	mWRN_pooled	none	NULL	0	NULL
20201218_JM	20201218	20201218_JM_01	1	H	24	4T1	H24	376	mDHX9_pooled	none	NULL	0	NULL
20201218_JM	20201218	20201218_JM_01	1	I	24	4T1	I24	377	mDDX5_pooled	none	NULL	0	NULL
20201218_JM	20201218	20201218_JM_01	1	J	24	4T1	J24	378	mRNASEH2A_pooled	none	NULL	0	NULL
20201218_JM	20201218	20201218_JM_01	1	K	24	4T1	K24	379	mDDX3X_pooled	none	NULL	0	NULL
20201218_JM	20201218	20201218_JM_01	1	L	24	4T1	L24	380	mPARP14_pooled	none	NULL	0	NULL
20201218_JM	20201218	20201218_JM_01	1	M	24	4T1	M24	381	mDDX6_pooled	none	NULL	0	NULL
20201218_JM	20201218	20201218_JM_01	1	N	24	4T1	N24	382	Lethal	pos	NULL	0	NULL
20201218_JM	20201218	20201218_JM_01	1	O	24	4T1	O24	383	NULL	NULL	NULL	0	NULL
20201218_JM	20201218	20201218_JM_01	1	P	24	4T1	P24	384	NULL	NULL	NULL	0	NULL
20201218_JM	20201218	20201218_JM_02	2	A	1	CT26	A01	1	NULL	NULL	NULL	0	NULL
20201218_JM	20201218	20201218_JM_02	2	B	1	CT26	B01	2	NULL	NULL	NULL	0	NULL
20201218_JM	20201218	20201218_JM_02	2	C	1	CT26	C01	3	NC_pooled	neg	NULL	0	NULL
20201218_JM	20201218	20201218_JM_02	2	D	1	CT26	D01	4	mPARP7_pooled	none	NULL	0	NULL
20201218_JM	20201218	20201218_JM_02	2	E	1	CT26	E01	5	mADAR_pooled	none	NULL	0	NULL
20201218_JM	20201218	20201218_JM_02	2	F	1	CT26	F01	6	mTREX1_pooled	none	NULL	0	NULL
20201218_JM	20201218	20201218_JM_02	2	G	1	CT26	G01	7	mWRN_pooled	none	NULL	0	NULL
20201218_JM	20201218	20201218_JM_02	2	H	1	CT26	H01	8	mDHX9_pooled	none	NULL	0	NULL
20201218_JM	20201218	20201218_JM_02	2	I	1	CT26	I01	9	mDDX5_pooled	none	NULL	0	NULL
20201218_JM	20201218	20201218_JM_02	2	J	1	CT26	J01	10	mRNASEH2A_pooled	none	NULL	0	NULL
20201218_JM	20201218	20201218_JM_02	2	K	1	CT26	K01	11	mDDX3X_pooled	none	NULL	0	NULL
20201218_JM	20201218	20201218_JM_02	2	L	1	CT26	L01	12	mPARP14_pooled	none	NULL	0	NULL
20201218_JM	20201218	20201218_JM_02	2	M	1	CT26	M01	13	mDDX6_pooled	none	NULL	0	NULL
20201218_JM	20201218	20201218_JM_02	2	N	1	CT26	N01	14	Lethal	pos	NULL	0	NULL
20201218_JM	20201218	20201218_JM_02	2	O	1	CT26	O01	15	NULL	NULL	NULL	0	NULL
20201218_JM	20201218	20201218_JM_02	2	P	1	CT26	P01	16	NULL	NULL	NULL	0	NULL
20201218_JM	20201218	20201218_JM_02	2	A	2	CT26	A02	17	NULL	NULL	NULL	0	NULL
20201218_JM	20201218	20201218_JM_02	2	B	2	CT26	B02	18	NULL	NULL	NULL	0	NULL
20201218_JM	20201218	20201218_JM_02	2	C	2	CT26	C02	19	NC_pooled	neg	NULL	0	NULL
20201218_JM	20201218	20201218_JM_02	2	D	2	CT26	D02	20	mPARP7_pooled	none	NULL	0	NULL
20201218_JM	20201218	20201218_JM_02	2	E	2	CT26	E02	21	mADAR_pooled	none	NULL	0	NULL
20201218_JM	20201218	20201218_JM_02	2	F	2	CT26	F02	22	mTREX1_pooled	none	NULL	0	NULL
20201218_JM	20201218	20201218_JM_02	2	G	2	CT26	G02	23	mWRN_pooled	none	NULL	0	NULL
20201218_JM	20201218	20201218_JM_02	2	H	2	CT26	H02	24	mDHX9_pooled	none	NULL	0	NULL
20201218_JM	20201218	20201218_JM_02	2	I	2	CT26	I02	25	mDDX5_pooled	none	NULL	0	NULL
20201218_JM	20201218	20201218_JM_02	2	J	2	CT26	J02	26	mRNASEH2A_pooled	none	NULL	0	NULL
20201218_JM	20201218	20201218_JM_02	2	K	2	CT26	K02	27	mDDX3X_pooled	none	NULL	0	NULL
20201218_JM	20201218	20201218_JM_02	2	L	2	CT26	L02	28	mPARP14_pooled	none	NULL	0	NULL
20201218_JM	20201218	20201218_JM_02	2	M	2	CT26	M02	29	mDDX6_pooled	none	NULL	0	NULL
20201218_JM	20201218	20201218_JM_02	2	N	2	CT26	N02	30	Lethal	pos	NULL	0	NULL
20201218_JM	20201218	20201218_JM_02	2	O	2	CT26	O02	31	NULL	NULL	NULL	0	NULL
20201218_JM	20201218	20201218_JM_02	2	P	2	CT26	P02	32	NULL	NULL	NULL	0	NULL
20201218_JM	20201218	20201218_JM_02	2	A	3	CT26	A03	33	NULL	NULL	PBS	-1	neg
20201218_JM	20201218	20201218_JM_02	2	B	3	CT26	B03	34	NULL	NULL	PBS	-1	neg
20201218_JM	20201218	20201218_JM_02	2	C	3	CT26	C03	35	NC_pooled	neg	PBS	-1	neg
20201218_JM	20201218	20201218_JM_02	2	D	3	CT26	D03	36	mPARP7_pooled	none	PBS	-1	neg
20201218_JM	20201218	20201218_JM_02	2	E	3	CT26	E03	37	mADAR_pooled	none	PBS	-1	neg
20201218_JM	20201218	20201218_JM_02	2	F	3	CT26	F03	38	mTREX1_pooled	none	PBS	-1	neg
20201218_JM	20201218	20201218_JM_02	2	G	3	CT26	G03	39	mWRN_pooled	none	PBS	-1	neg
20201218_JM	20201218	20201218_JM_02	2	H	3	CT26	H03	40	mDHX9_pooled	none	PBS	-1	neg
20201218_JM	20201218	20201218_JM_02	2	I	3	CT26	I03	41	mDDX5_pooled	none	PBS	-1	neg
20201218_JM	20201218	20201218_JM_02	2	J	3	CT26	J03	42	mRNASEH2A_pooled	none	PBS	-1	neg
20201218_JM	20201218	20201218_JM_02	2	K	3	CT26	K03	43	mDDX3X_pooled	none	PBS	-1	neg
20201218_JM	20201218	20201218_JM_02	2	L	3	CT26	L03	44	mPARP14_pooled	none	PBS	-1	neg
20201218_JM	20201218	20201218_JM_02	2	M	3	CT26	M03	45	mDDX6_pooled	none	PBS	-1	neg
20201218_JM	20201218	20201218_JM_02	2	N	3	CT26	N03	46	Lethal	pos	PBS	-1	neg
20201218_JM	20201218	20201218_JM_02	2	O	3	CT26	O03	47	NULL	NULL	PBS	-1	neg
20201218_JM	20201218	20201218_JM_02	2	P	3	CT26	P03	48	NULL	NULL	PBS	-1	neg
20201218_JM	20201218	20201218_JM_02	2	A	4	CT26	A04	49	NULL	NULL	PBS	-1	neg
20201218_JM	20201218	20201218_JM_02	2	B	4	CT26	B04	50	NULL	NULL	PBS	-1	neg
20201218_JM	20201218	20201218_JM_02	2	C	4	CT26	C04	51	NC_pooled	neg	PBS	-1	neg
20201218_JM	20201218	20201218_JM_02	2	D	4	CT26	D04	52	mPARP7_pooled	none	PBS	-1	neg
20201218_JM	20201218	20201218_JM_02	2	E	4	CT26	E04	53	mADAR_pooled	none	PBS	-1	neg
20201218_JM	20201218	20201218_JM_02	2	F	4	CT26	F04	54	mTREX1_pooled	none	PBS	-1	neg
20201218_JM	20201218	20201218_JM_02	2	G	4	CT26	G04	55	mWRN_pooled	none	PBS	-1	neg
20201218_JM	20201218	20201218_JM_02	2	H	4	CT26	H04	56	mDHX9_pooled	none	PBS	-1	neg
20201218_JM	20201218	20201218_JM_02	2	I	4	CT26	I04	57	mDDX5_pooled	none	PBS	-1	neg
20201218_JM	20201218	20201218_JM_02	2	J	4	CT26	J04	58	mRNASEH2A_pooled	none	PBS	-1	neg
20201218_JM	20201218	20201218_JM_02	2	K	4	CT26	K04	59	mDDX3X_pooled	none	PBS	-1	neg
20201218_JM	20201218	20201218_JM_02	2	L	4	CT26	L04	60	mPARP14_pooled	none	PBS	-1	neg
20201218_JM	20201218	20201218_JM_02	2	M	4	CT26	M04	61	mDDX6_pooled	none	PBS	-1	neg
20201218_JM	20201218	20201218_JM_02	2	N	4	CT26	N04	62	Lethal	pos	PBS	-1	neg
20201218_JM	20201218	20201218_JM_02	2	O	4	CT26	O04	63	NULL	NULL	PBS	-1	neg
20201218_JM	20201218	20201218_JM_02	2	P	4	CT26	P04	64	NULL	NULL	PBS	-1	neg
20201218_JM	20201218	20201218_JM_02	2	A	5	CT26	A05	65	NULL	NULL	PBS	-1	neg
20201218_JM	20201218	20201218_JM_02	2	B	5	CT26	B05	66	NULL	NULL	PBS	-1	neg
20201218_JM	20201218	20201218_JM_02	2	C	5	CT26	C05	67	NC_pooled	neg	PBS	-1	neg
20201218_JM	20201218	20201218_JM_02	2	D	5	CT26	D05	68	mPARP7_pooled	none	PBS	-1	neg
20201218_JM	20201218	20201218_JM_02	2	E	5	CT26	E05	69	mADAR_pooled	none	PBS	-1	neg
20201218_JM	20201218	20201218_JM_02	2	F	5	CT26	F05	70	mTREX1_pooled	none	PBS	-1	neg
20201218_JM	20201218	20201218_JM_02	2	G	5	CT26	G05	71	mWRN_pooled	none	PBS	-1	neg
20201218_JM	20201218	20201218_JM_02	2	H	5	CT26	H05	72	mDHX9_pooled	none	PBS	-1	neg
20201218_JM	20201218	20201218_JM_02	2	I	5	CT26	I05	73	mDDX5_pooled	none	PBS	-1	neg
20201218_JM	20201218	20201218_JM_02	2	J	5	CT26	J05	74	mRNASEH2A_pooled	none	PBS	-1	neg
20201218_JM	20201218	20201218_JM_02	2	K	5	CT26	K05	75	mDDX3X_pooled	none	PBS	-1	neg
20201218_JM	20201218	20201218_JM_02	2	L	5	CT26	L05	76	mPARP14_pooled	none	PBS	-1	neg
20201218_JM	20201218	20201218_JM_02	2	M	5	CT26	M05	77	mDDX6_pooled	none	PBS	-1	neg
20201218_JM	20201218	20201218_JM_02	2	N	5	CT26	N05	78	Lethal	pos	PBS	-1	neg
20201218_JM	20201218	20201218_JM_02	2	O	5	CT26	O05	79	NULL	NULL	PBS	-1	neg
20201218_JM	20201218	20201218_JM_02	2	P	5	CT26	P05	80	NULL	NULL	PBS	-1	neg
20201218_JM	20201218	20201218_JM_02	2	A	6	CT26	A06	81	NULL	NULL	PBS	-1	neg
20201218_JM	20201218	20201218_JM_02	2	B	6	CT26	B06	82	NULL	NULL	PBS	-1	neg
20201218_JM	20201218	20201218_JM_02	2	C	6	CT26	C06	83	NC_pooled	neg	PBS	-1	neg
20201218_JM	20201218	20201218_JM_02	2	D	6	CT26	D06	84	mPARP7_pooled	none	PBS	-1	neg
20201218_JM	20201218	20201218_JM_02	2	E	6	CT26	E06	85	mADAR_pooled	none	PBS	-1	neg
20201218_JM	20201218	20201218_JM_02	2	F	6	CT26	F06	86	mTREX1_pooled	none	PBS	-1	neg
20201218_JM	20201218	20201218_JM_02	2	G	6	CT26	G06	87	mWRN_pooled	none	PBS	-1	neg
20201218_JM	20201218	20201218_JM_02	2	H	6	CT26	H06	88	mDHX9_pooled	none	PBS	-1	neg
20201218_JM	20201218	20201218_JM_02	2	I	6	CT26	I06	89	mDDX5_pooled	none	PBS	-1	neg
20201218_JM	20201218	20201218_JM_02	2	J	6	CT26	J06	90	mRNASEH2A_pooled	none	PBS	-1	neg
20201218_JM	20201218	20201218_JM_02	2	K	6	CT26	K06	91	mDDX3X_pooled	none	PBS	-1	neg
20201218_JM	20201218	20201218_JM_02	2	L	6	CT26	L06	92	mPARP14_pooled	none	PBS	-1	neg
20201218_JM	20201218	20201218_JM_02	2	M	6	CT26	M06	93	mDDX6_pooled	none	PBS	-1	neg
20201218_JM	20201218	20201218_JM_02	2	N	6	CT26	N06	94	Lethal	pos	PBS	-1	neg
20201218_JM	20201218	20201218_JM_02	2	O	6	CT26	O06	95	NULL	NULL	PBS	-1	neg
20201218_JM	20201218	20201218_JM_02	2	P	6	CT26	P06	96	NULL	NULL	PBS	-1	neg
20201218_JM	20201218	20201218_JM_02	2	A	7	CT26	A07	97	NULL	NULL	mIFNb	1000U/mL	none
20201218_JM	20201218	20201218_JM_02	2	B	7	CT26	B07	98	NULL	NULL	mIFNb	1000U/mL	none
20201218_JM	20201218	20201218_JM_02	2	C	7	CT26	C07	99	NC_pooled	neg	mIFNb	1000U/mL	none
20201218_JM	20201218	20201218_JM_02	2	D	7	CT26	D07	100	mPARP7_pooled	none	mIFNb	1000U/mL	none
20201218_JM	20201218	20201218_JM_02	2	E	7	CT26	E07	101	mADAR_pooled	none	mIFNb	1000U/mL	none
20201218_JM	20201218	20201218_JM_02	2	F	7	CT26	F07	102	mTREX1_pooled	none	mIFNb	1000U/mL	none
20201218_JM	20201218	20201218_JM_02	2	G	7	CT26	G07	103	mWRN_pooled	none	mIFNb	1000U/mL	none
20201218_JM	20201218	20201218_JM_02	2	H	7	CT26	H07	104	mDHX9_pooled	none	mIFNb	1000U/mL	none
20201218_JM	20201218	20201218_JM_02	2	I	7	CT26	I07	105	mDDX5_pooled	none	mIFNb	1000U/mL	none
20201218_JM	20201218	20201218_JM_02	2	J	7	CT26	J07	106	mRNASEH2A_pooled	none	mIFNb	1000U/mL	none
20201218_JM	20201218	20201218_JM_02	2	K	7	CT26	K07	107	mDDX3X_pooled	none	mIFNb	1000U/mL	none
20201218_JM	20201218	20201218_JM_02	2	L	7	CT26	L07	108	mPARP14_pooled	none	mIFNb	1000U/mL	none
20201218_JM	20201218	20201218_JM_02	2	M	7	CT26	M07	109	mDDX6_pooled	none	mIFNb	1000U/mL	none
20201218_JM	20201218	20201218_JM_02	2	N	7	CT26	N07	110	Lethal	pos	mIFNb	1000U/mL	none
20201218_JM	20201218	20201218_JM_02	2	O	7	CT26	O07	111	NULL	NULL	mIFNb	1000U/mL	none
20201218_JM	20201218	20201218_JM_02	2	P	7	CT26	P07	112	NULL	NULL	mIFNb	1000U/mL	none
20201218_JM	20201218	20201218_JM_02	2	A	8	CT26	A08	113	NULL	NULL	mIFNb	1000U/mL	none
20201218_JM	20201218	20201218_JM_02	2	B	8	CT26	B08	114	NULL	NULL	mIFNb	1000U/mL	none
20201218_JM	20201218	20201218_JM_02	2	C	8	CT26	C08	115	NC_pooled	neg	mIFNb	1000U/mL	none
20201218_JM	20201218	20201218_JM_02	2	D	8	CT26	D08	116	mPARP7_pooled	none	mIFNb	1000U/mL	none
20201218_JM	20201218	20201218_JM_02	2	E	8	CT26	E08	117	mADAR_pooled	none	mIFNb	1000U/mL	none
20201218_JM	20201218	20201218_JM_02	2	F	8	CT26	F08	118	mTREX1_pooled	none	mIFNb	1000U/mL	none
20201218_JM	20201218	20201218_JM_02	2	G	8	CT26	G08	119	mWRN_pooled	none	mIFNb	1000U/mL	none
20201218_JM	20201218	20201218_JM_02	2	H	8	CT26	H08	120	mDHX9_pooled	none	mIFNb	1000U/mL	none
20201218_JM	20201218	20201218_JM_02	2	I	8	CT26	I08	121	mDDX5_pooled	none	mIFNb	1000U/mL	none
20201218_JM	20201218	20201218_JM_02	2	J	8	CT26	J08	122	mRNASEH2A_pooled	none	mIFNb	1000U/mL	none
20201218_JM	20201218	20201218_JM_02	2	K	8	CT26	K08	123	mDDX3X_pooled	none	mIFNb	1000U/mL	none
20201218_JM	20201218	20201218_JM_02	2	L	8	CT26	L08	124	mPARP14_pooled	none	mIFNb	1000U/mL	none
20201218_JM	20201218	20201218_JM_02	2	M	8	CT26	M08	125	mDDX6_pooled	none	mIFNb	1000U/mL	none
20201218_JM	20201218	20201218_JM_02	2	N	8	CT26	N08	126	Lethal	pos	mIFNb	1000U/mL	none
20201218_JM	20201218	20201218_JM_02	2	O	8	CT26	O08	127	NULL	NULL	mIFNb	1000U/mL	none
20201218_JM	20201218	20201218_JM_02	2	P	8	CT26	P08	128	NULL	NULL	mIFNb	1000U/mL	none
20201218_JM	20201218	20201218_JM_02	2	A	9	CT26	A09	129	NULL	NULL	mIFNb	1000U/mL	none
20201218_JM	20201218	20201218_JM_02	2	B	9	CT26	B09	130	NULL	NULL	mIFNb	1000U/mL	none
20201218_JM	20201218	20201218_JM_02	2	C	9	CT26	C09	131	NC_pooled	neg	mIFNb	1000U/mL	none
20201218_JM	20201218	20201218_JM_02	2	D	9	CT26	D09	132	mPARP7_pooled	none	mIFNb	1000U/mL	none
20201218_JM	20201218	20201218_JM_02	2	E	9	CT26	E09	133	mADAR_pooled	none	mIFNb	1000U/mL	none
20201218_JM	20201218	20201218_JM_02	2	F	9	CT26	F09	134	mTREX1_pooled	none	mIFNb	1000U/mL	none
20201218_JM	20201218	20201218_JM_02	2	G	9	CT26	G09	135	mWRN_pooled	none	mIFNb	1000U/mL	none
20201218_JM	20201218	20201218_JM_02	2	H	9	CT26	H09	136	mDHX9_pooled	none	mIFNb	1000U/mL	none
20201218_JM	20201218	20201218_JM_02	2	I	9	CT26	I09	137	mDDX5_pooled	none	mIFNb	1000U/mL	none
20201218_JM	20201218	20201218_JM_02	2	J	9	CT26	J09	138	mRNASEH2A_pooled	none	mIFNb	1000U/mL	none
20201218_JM	20201218	20201218_JM_02	2	K	9	CT26	K09	139	mDDX3X_pooled	none	mIFNb	1000U/mL	none
20201218_JM	20201218	20201218_JM_02	2	L	9	CT26	L09	140	mPARP14_pooled	none	mIFNb	1000U/mL	none
20201218_JM	20201218	20201218_JM_02	2	M	9	CT26	M09	141	mDDX6_pooled	none	mIFNb	1000U/mL	none
20201218_JM	20201218	20201218_JM_02	2	N	9	CT26	N09	142	Lethal	pos	mIFNb	1000U/mL	none
20201218_JM	20201218	20201218_JM_02	2	O	9	CT26	O09	143	NULL	NULL	mIFNb	1000U/mL	none
20201218_JM	20201218	20201218_JM_02	2	P	9	CT26	P09	144	NULL	NULL	mIFNb	1000U/mL	none
20201218_JM	20201218	20201218_JM_02	2	A	10	CT26	A10	145	NULL	NULL	mIFNb	1000U/mL	none
20201218_JM	20201218	20201218_JM_02	2	B	10	CT26	B10	146	NULL	NULL	mIFNb	1000U/mL	none
20201218_JM	20201218	20201218_JM_02	2	C	10	CT26	C10	147	NC_pooled	neg	mIFNb	1000U/mL	none
20201218_JM	20201218	20201218_JM_02	2	D	10	CT26	D10	148	mPARP7_pooled	none	mIFNb	1000U/mL	none
20201218_JM	20201218	20201218_JM_02	2	E	10	CT26	E10	149	mADAR_pooled	none	mIFNb	1000U/mL	none
20201218_JM	20201218	20201218_JM_02	2	F	10	CT26	F10	150	mTREX1_pooled	none	mIFNb	1000U/mL	none
20201218_JM	20201218	20201218_JM_02	2	G	10	CT26	G10	151	mWRN_pooled	none	mIFNb	1000U/mL	none
20201218_JM	20201218	20201218_JM_02	2	H	10	CT26	H10	152	mDHX9_pooled	none	mIFNb	1000U/mL	none
20201218_JM	20201218	20201218_JM_02	2	I	10	CT26	I10	153	mDDX5_pooled	none	mIFNb	1000U/mL	none
20201218_JM	20201218	20201218_JM_02	2	J	10	CT26	J10	154	mRNASEH2A_pooled	none	mIFNb	1000U/mL	none
20201218_JM	20201218	20201218_JM_02	2	K	10	CT26	K10	155	mDDX3X_pooled	none	mIFNb	1000U/mL	none
20201218_JM	20201218	20201218_JM_02	2	L	10	CT26	L10	156	mPARP14_pooled	none	mIFNb	1000U/mL	none
20201218_JM	20201218	20201218_JM_02	2	M	10	CT26	M10	157	mDDX6_pooled	none	mIFNb	1000U/mL	none
20201218_JM	20201218	20201218_JM_02	2	N	10	CT26	N10	158	Lethal	pos	mIFNb	1000U/mL	none
20201218_JM	20201218	20201218_JM_02	2	O	10	CT26	O10	159	NULL	NULL	mIFNb	1000U/mL	none
20201218_JM	20201218	20201218_JM_02	2	P	10	CT26	P10	160	NULL	NULL	mIFNb	1000U/mL	none
20201218_JM	20201218	20201218_JM_02	2	A	11	CT26	A11	161	NULL	NULL	mIFNg	100ng/mL	none
20201218_JM	20201218	20201218_JM_02	2	B	11	CT26	B11	162	NULL	NULL	mIFNg	100ng/mL	none
20201218_JM	20201218	20201218_JM_02	2	C	11	CT26	C11	163	NC_pooled	neg	mIFNg	100ng/mL	none
20201218_JM	20201218	20201218_JM_02	2	D	11	CT26	D11	164	mPARP7_pooled	none	mIFNg	100ng/mL	none
20201218_JM	20201218	20201218_JM_02	2	E	11	CT26	E11	165	mADAR_pooled	none	mIFNg	100ng/mL	none
20201218_JM	20201218	20201218_JM_02	2	F	11	CT26	F11	166	mTREX1_pooled	none	mIFNg	100ng/mL	none
20201218_JM	20201218	20201218_JM_02	2	G	11	CT26	G11	167	mWRN_pooled	none	mIFNg	100ng/mL	none
20201218_JM	20201218	20201218_JM_02	2	H	11	CT26	H11	168	mDHX9_pooled	none	mIFNg	100ng/mL	none
20201218_JM	20201218	20201218_JM_02	2	I	11	CT26	I11	169	mDDX5_pooled	none	mIFNg	100ng/mL	none
20201218_JM	20201218	20201218_JM_02	2	J	11	CT26	J11	170	mRNASEH2A_pooled	none	mIFNg	100ng/mL	none
20201218_JM	20201218	20201218_JM_02	2	K	11	CT26	K11	171	mDDX3X_pooled	none	mIFNg	100ng/mL	none
20201218_JM	20201218	20201218_JM_02	2	L	11	CT26	L11	172	mPARP14_pooled	none	mIFNg	100ng/mL	none
20201218_JM	20201218	20201218_JM_02	2	M	11	CT26	M11	173	mDDX6_pooled	none	mIFNg	100ng/mL	none
20201218_JM	20201218	20201218_JM_02	2	N	11	CT26	N11	174	Lethal	pos	mIFNg	100ng/mL	none
20201218_JM	20201218	20201218_JM_02	2	O	11	CT26	O11	175	NULL	NULL	mIFNg	100ng/mL	none
20201218_JM	20201218	20201218_JM_02	2	P	11	CT26	P11	176	NULL	NULL	mIFNg	100ng/mL	none
20201218_JM	20201218	20201218_JM_02	2	A	12	CT26	A12	177	NULL	NULL	mIFNg	100ng/mL	none
20201218_JM	20201218	20201218_JM_02	2	B	12	CT26	B12	178	NULL	NULL	mIFNg	100ng/mL	none
20201218_JM	20201218	20201218_JM_02	2	C	12	CT26	C12	179	NC_pooled	neg	mIFNg	100ng/mL	none
20201218_JM	20201218	20201218_JM_02	2	D	12	CT26	D12	180	mPARP7_pooled	none	mIFNg	100ng/mL	none
20201218_JM	20201218	20201218_JM_02	2	E	12	CT26	E12	181	mADAR_pooled	none	mIFNg	100ng/mL	none
20201218_JM	20201218	20201218_JM_02	2	F	12	CT26	F12	182	mTREX1_pooled	none	mIFNg	100ng/mL	none
20201218_JM	20201218	20201218_JM_02	2	G	12	CT26	G12	183	mWRN_pooled	none	mIFNg	100ng/mL	none
20201218_JM	20201218	20201218_JM_02	2	H	12	CT26	H12	184	mDHX9_pooled	none	mIFNg	100ng/mL	none
20201218_JM	20201218	20201218_JM_02	2	I	12	CT26	I12	185	mDDX5_pooled	none	mIFNg	100ng/mL	none
20201218_JM	20201218	20201218_JM_02	2	J	12	CT26	J12	186	mRNASEH2A_pooled	none	mIFNg	100ng/mL	none
20201218_JM	20201218	20201218_JM_02	2	K	12	CT26	K12	187	mDDX3X_pooled	none	mIFNg	100ng/mL	none
20201218_JM	20201218	20201218_JM_02	2	L	12	CT26	L12	188	mPARP14_pooled	none	mIFNg	100ng/mL	none
20201218_JM	20201218	20201218_JM_02	2	M	12	CT26	M12	189	mDDX6_pooled	none	mIFNg	100ng/mL	none
20201218_JM	20201218	20201218_JM_02	2	N	12	CT26	N12	190	Lethal	pos	mIFNg	100ng/mL	none
20201218_JM	20201218	20201218_JM_02	2	O	12	CT26	O12	191	NULL	NULL	mIFNg	100ng/mL	none
20201218_JM	20201218	20201218_JM_02	2	P	12	CT26	P12	192	NULL	NULL	mIFNg	100ng/mL	none
20201218_JM	20201218	20201218_JM_02	2	A	13	CT26	A13	193	NULL	NULL	mIFNg	100ng/mL	none
20201218_JM	20201218	20201218_JM_02	2	B	13	CT26	B13	194	NULL	NULL	mIFNg	100ng/mL	none
20201218_JM	20201218	20201218_JM_02	2	C	13	CT26	C13	195	NC_pooled	neg	mIFNg	100ng/mL	none
20201218_JM	20201218	20201218_JM_02	2	D	13	CT26	D13	196	mPARP7_pooled	none	mIFNg	100ng/mL	none
20201218_JM	20201218	20201218_JM_02	2	E	13	CT26	E13	197	mADAR_pooled	none	mIFNg	100ng/mL	none
20201218_JM	20201218	20201218_JM_02	2	F	13	CT26	F13	198	mTREX1_pooled	none	mIFNg	100ng/mL	none
20201218_JM	20201218	20201218_JM_02	2	G	13	CT26	G13	199	mWRN_pooled	none	mIFNg	100ng/mL	none
20201218_JM	20201218	20201218_JM_02	2	H	13	CT26	H13	200	mDHX9_pooled	none	mIFNg	100ng/mL	none
20201218_JM	20201218	20201218_JM_02	2	I	13	CT26	I13	201	mDDX5_pooled	none	mIFNg	100ng/mL	none
20201218_JM	20201218	20201218_JM_02	2	J	13	CT26	J13	202	mRNASEH2A_pooled	none	mIFNg	100ng/mL	none
20201218_JM	20201218	20201218_JM_02	2	K	13	CT26	K13	203	mDDX3X_pooled	none	mIFNg	100ng/mL	none
20201218_JM	20201218	20201218_JM_02	2	L	13	CT26	L13	204	mPARP14_pooled	none	mIFNg	100ng/mL	none
20201218_JM	20201218	20201218_JM_02	2	M	13	CT26	M13	205	mDDX6_pooled	none	mIFNg	100ng/mL	none
20201218_JM	20201218	20201218_JM_02	2	N	13	CT26	N13	206	Lethal	pos	mIFNg	100ng/mL	none
20201218_JM	20201218	20201218_JM_02	2	O	13	CT26	O13	207	NULL	NULL	mIFNg	100ng/mL	none
20201218_JM	20201218	20201218_JM_02	2	P	13	CT26	P13	208	NULL	NULL	mIFNg	100ng/mL	none
20201218_JM	20201218	20201218_JM_02	2	A	14	CT26	A14	209	NULL	NULL	mIFNg	100ng/mL	none
20201218_JM	20201218	20201218_JM_02	2	B	14	CT26	B14	210	NULL	NULL	mIFNg	100ng/mL	none
20201218_JM	20201218	20201218_JM_02	2	C	14	CT26	C14	211	NC_pooled	neg	mIFNg	100ng/mL	none
20201218_JM	20201218	20201218_JM_02	2	D	14	CT26	D14	212	mPARP7_pooled	none	mIFNg	100ng/mL	none
20201218_JM	20201218	20201218_JM_02	2	E	14	CT26	E14	213	mADAR_pooled	none	mIFNg	100ng/mL	none
20201218_JM	20201218	20201218_JM_02	2	F	14	CT26	F14	214	mTREX1_pooled	none	mIFNg	100ng/mL	none
20201218_JM	20201218	20201218_JM_02	2	G	14	CT26	G14	215	mWRN_pooled	none	mIFNg	100ng/mL	none
20201218_JM	20201218	20201218_JM_02	2	H	14	CT26	H14	216	mDHX9_pooled	none	mIFNg	100ng/mL	none
20201218_JM	20201218	20201218_JM_02	2	I	14	CT26	I14	217	mDDX5_pooled	none	mIFNg	100ng/mL	none
20201218_JM	20201218	20201218_JM_02	2	J	14	CT26	J14	218	mRNASEH2A_pooled	none	mIFNg	100ng/mL	none
20201218_JM	20201218	20201218_JM_02	2	K	14	CT26	K14	219	mDDX3X_pooled	none	mIFNg	100ng/mL	none
20201218_JM	20201218	20201218_JM_02	2	L	14	CT26	L14	220	mPARP14_pooled	none	mIFNg	100ng/mL	none
20201218_JM	20201218	20201218_JM_02	2	M	14	CT26	M14	221	mDDX6_pooled	none	mIFNg	100ng/mL	none
20201218_JM	20201218	20201218_JM_02	2	N	14	CT26	N14	222	Lethal	pos	mIFNg	100ng/mL	none
20201218_JM	20201218	20201218_JM_02	2	O	14	CT26	O14	223	NULL	NULL	mIFNg	100ng/mL	none
20201218_JM	20201218	20201218_JM_02	2	P	14	CT26	P14	224	NULL	NULL	mIFNg	100ng/mL	none
20201218_JM	20201218	20201218_JM_02	2	A	15	CT26	A15	225	NULL	NULL	poly(dA:dT)	0.25ug/mL	none
20201218_JM	20201218	20201218_JM_02	2	B	15	CT26	B15	226	NULL	NULL	poly(dA:dT)	0.25ug/mL	none
20201218_JM	20201218	20201218_JM_02	2	C	15	CT26	C15	227	NC_pooled	neg	poly(dA:dT)	0.25ug/mL	none
20201218_JM	20201218	20201218_JM_02	2	D	15	CT26	D15	228	mPARP7_pooled	none	poly(dA:dT)	0.25ug/mL	none
20201218_JM	20201218	20201218_JM_02	2	E	15	CT26	E15	229	mADAR_pooled	none	poly(dA:dT)	0.25ug/mL	none
20201218_JM	20201218	20201218_JM_02	2	F	15	CT26	F15	230	mTREX1_pooled	none	poly(dA:dT)	0.25ug/mL	none
20201218_JM	20201218	20201218_JM_02	2	G	15	CT26	G15	231	mWRN_pooled	none	poly(dA:dT)	0.25ug/mL	none
20201218_JM	20201218	20201218_JM_02	2	H	15	CT26	H15	232	mDHX9_pooled	none	poly(dA:dT)	0.25ug/mL	none
20201218_JM	20201218	20201218_JM_02	2	I	15	CT26	I15	233	mDDX5_pooled	none	poly(dA:dT)	0.25ug/mL	none
20201218_JM	20201218	20201218_JM_02	2	J	15	CT26	J15	234	mRNASEH2A_pooled	none	poly(dA:dT)	0.25ug/mL	none
20201218_JM	20201218	20201218_JM_02	2	K	15	CT26	K15	235	mDDX3X_pooled	none	poly(dA:dT)	0.25ug/mL	none
20201218_JM	20201218	20201218_JM_02	2	L	15	CT26	L15	236	mPARP14_pooled	none	poly(dA:dT)	0.25ug/mL	none
20201218_JM	20201218	20201218_JM_02	2	M	15	CT26	M15	237	mDDX6_pooled	none	poly(dA:dT)	0.25ug/mL	none
20201218_JM	20201218	20201218_JM_02	2	N	15	CT26	N15	238	Lethal	pos	poly(dA:dT)	0.25ug/mL	none
20201218_JM	20201218	20201218_JM_02	2	O	15	CT26	O15	239	NULL	NULL	poly(dA:dT)	0.25ug/mL	none
20201218_JM	20201218	20201218_JM_02	2	P	15	CT26	P15	240	NULL	NULL	poly(dA:dT)	0.25ug/mL	none
20201218_JM	20201218	20201218_JM_02	2	A	16	CT26	A16	241	NULL	NULL	poly(dA:dT)	0.25ug/mL	none
20201218_JM	20201218	20201218_JM_02	2	B	16	CT26	B16	242	NULL	NULL	poly(dA:dT)	0.25ug/mL	none
20201218_JM	20201218	20201218_JM_02	2	C	16	CT26	C16	243	NC_pooled	neg	poly(dA:dT)	0.25ug/mL	none
20201218_JM	20201218	20201218_JM_02	2	D	16	CT26	D16	244	mPARP7_pooled	none	poly(dA:dT)	0.25ug/mL	none
20201218_JM	20201218	20201218_JM_02	2	E	16	CT26	E16	245	mADAR_pooled	none	poly(dA:dT)	0.25ug/mL	none
20201218_JM	20201218	20201218_JM_02	2	F	16	CT26	F16	246	mTREX1_pooled	none	poly(dA:dT)	0.25ug/mL	none
20201218_JM	20201218	20201218_JM_02	2	G	16	CT26	G16	247	mWRN_pooled	none	poly(dA:dT)	0.25ug/mL	none
20201218_JM	20201218	20201218_JM_02	2	H	16	CT26	H16	248	mDHX9_pooled	none	poly(dA:dT)	0.25ug/mL	none
20201218_JM	20201218	20201218_JM_02	2	I	16	CT26	I16	249	mDDX5_pooled	none	poly(dA:dT)	0.25ug/mL	none
20201218_JM	20201218	20201218_JM_02	2	J	16	CT26	J16	250	mRNASEH2A_pooled	none	poly(dA:dT)	0.25ug/mL	none
20201218_JM	20201218	20201218_JM_02	2	K	16	CT26	K16	251	mDDX3X_pooled	none	poly(dA:dT)	0.25ug/mL	none
20201218_JM	20201218	20201218_JM_02	2	L	16	CT26	L16	252	mPARP14_pooled	none	poly(dA:dT)	0.25ug/mL	none
20201218_JM	20201218	20201218_JM_02	2	M	16	CT26	M16	253	mDDX6_pooled	none	poly(dA:dT)	0.25ug/mL	none
20201218_JM	20201218	20201218_JM_02	2	N	16	CT26	N16	254	Lethal	pos	poly(dA:dT)	0.25ug/mL	none
20201218_JM	20201218	20201218_JM_02	2	O	16	CT26	O16	255	NULL	NULL	poly(dA:dT)	0.25ug/mL	none
20201218_JM	20201218	20201218_JM_02	2	P	16	CT26	P16	256	NULL	NULL	poly(dA:dT)	0.25ug/mL	none
20201218_JM	20201218	20201218_JM_02	2	A	17	CT26	A17	257	NULL	NULL	poly(dA:dT)	0.25ug/mL	none
20201218_JM	20201218	20201218_JM_02	2	B	17	CT26	B17	258	NULL	NULL	poly(dA:dT)	0.25ug/mL	none
20201218_JM	20201218	20201218_JM_02	2	C	17	CT26	C17	259	NC_pooled	neg	poly(dA:dT)	0.25ug/mL	none
20201218_JM	20201218	20201218_JM_02	2	D	17	CT26	D17	260	mPARP7_pooled	none	poly(dA:dT)	0.25ug/mL	none
20201218_JM	20201218	20201218_JM_02	2	E	17	CT26	E17	261	mADAR_pooled	none	poly(dA:dT)	0.25ug/mL	none
20201218_JM	20201218	20201218_JM_02	2	F	17	CT26	F17	262	mTREX1_pooled	none	poly(dA:dT)	0.25ug/mL	none
20201218_JM	20201218	20201218_JM_02	2	G	17	CT26	G17	263	mWRN_pooled	none	poly(dA:dT)	0.25ug/mL	none
20201218_JM	20201218	20201218_JM_02	2	H	17	CT26	H17	264	mDHX9_pooled	none	poly(dA:dT)	0.25ug/mL	none
20201218_JM	20201218	20201218_JM_02	2	I	17	CT26	I17	265	mDDX5_pooled	none	poly(dA:dT)	0.25ug/mL	none
20201218_JM	20201218	20201218_JM_02	2	J	17	CT26	J17	266	mRNASEH2A_pooled	none	poly(dA:dT)	0.25ug/mL	none
20201218_JM	20201218	20201218_JM_02	2	K	17	CT26	K17	267	mDDX3X_pooled	none	poly(dA:dT)	0.25ug/mL	none
20201218_JM	20201218	20201218_JM_02	2	L	17	CT26	L17	268	mPARP14_pooled	none	poly(dA:dT)	0.25ug/mL	none
20201218_JM	20201218	20201218_JM_02	2	M	17	CT26	M17	269	mDDX6_pooled	none	poly(dA:dT)	0.25ug/mL	none
20201218_JM	20201218	20201218_JM_02	2	N	17	CT26	N17	270	Lethal	pos	poly(dA:dT)	0.25ug/mL	none
20201218_JM	20201218	20201218_JM_02	2	O	17	CT26	O17	271	NULL	NULL	poly(dA:dT)	0.25ug/mL	none
20201218_JM	20201218	20201218_JM_02	2	P	17	CT26	P17	272	NULL	NULL	poly(dA:dT)	0.25ug/mL	none
20201218_JM	20201218	20201218_JM_02	2	A	18	CT26	A18	273	NULL	NULL	poly(dA:dT)	0.25ug/mL	none
20201218_JM	20201218	20201218_JM_02	2	B	18	CT26	B18	274	NULL	NULL	poly(dA:dT)	0.25ug/mL	none
20201218_JM	20201218	20201218_JM_02	2	C	18	CT26	C18	275	NC_pooled	neg	poly(dA:dT)	0.25ug/mL	none
20201218_JM	20201218	20201218_JM_02	2	D	18	CT26	D18	276	mPARP7_pooled	none	poly(dA:dT)	0.25ug/mL	none
20201218_JM	20201218	20201218_JM_02	2	E	18	CT26	E18	277	mADAR_pooled	none	poly(dA:dT)	0.25ug/mL	none
20201218_JM	20201218	20201218_JM_02	2	F	18	CT26	F18	278	mTREX1_pooled	none	poly(dA:dT)	0.25ug/mL	none
20201218_JM	20201218	20201218_JM_02	2	G	18	CT26	G18	279	mWRN_pooled	none	poly(dA:dT)	0.25ug/mL	none
20201218_JM	20201218	20201218_JM_02	2	H	18	CT26	H18	280	mDHX9_pooled	none	poly(dA:dT)	0.25ug/mL	none
20201218_JM	20201218	20201218_JM_02	2	I	18	CT26	I18	281	mDDX5_pooled	none	poly(dA:dT)	0.25ug/mL	none
20201218_JM	20201218	20201218_JM_02	2	J	18	CT26	J18	282	mRNASEH2A_pooled	none	poly(dA:dT)	0.25ug/mL	none
20201218_JM	20201218	20201218_JM_02	2	K	18	CT26	K18	283	mDDX3X_pooled	none	poly(dA:dT)	0.25ug/mL	none
20201218_JM	20201218	20201218_JM_02	2	L	18	CT26	L18	284	mPARP14_pooled	none	poly(dA:dT)	0.25ug/mL	none
20201218_JM	20201218	20201218_JM_02	2	M	18	CT26	M18	285	mDDX6_pooled	none	poly(dA:dT)	0.25ug/mL	none
20201218_JM	20201218	20201218_JM_02	2	N	18	CT26	N18	286	Lethal	pos	poly(dA:dT)	0.25ug/mL	none
20201218_JM	20201218	20201218_JM_02	2	O	18	CT26	O18	287	NULL	NULL	poly(dA:dT)	0.25ug/mL	none
20201218_JM	20201218	20201218_JM_02	2	P	18	CT26	P18	288	NULL	NULL	poly(dA:dT)	0.25ug/mL	none
20201218_JM	20201218	20201218_JM_02	2	A	19	CT26	A19	289	NULL	NULL	hpRNA	0.25ug/mL	none
20201218_JM	20201218	20201218_JM_02	2	B	19	CT26	B19	290	NULL	NULL	hpRNA	0.25ug/mL	none
20201218_JM	20201218	20201218_JM_02	2	C	19	CT26	C19	291	NC_pooled	neg	hpRNA	0.25ug/mL	none
20201218_JM	20201218	20201218_JM_02	2	D	19	CT26	D19	292	mPARP7_pooled	none	hpRNA	0.25ug/mL	none
20201218_JM	20201218	20201218_JM_02	2	E	19	CT26	E19	293	mADAR_pooled	none	hpRNA	0.25ug/mL	none
20201218_JM	20201218	20201218_JM_02	2	F	19	CT26	F19	294	mTREX1_pooled	none	hpRNA	0.25ug/mL	none
20201218_JM	20201218	20201218_JM_02	2	G	19	CT26	G19	295	mWRN_pooled	none	hpRNA	0.25ug/mL	none
20201218_JM	20201218	20201218_JM_02	2	H	19	CT26	H19	296	mDHX9_pooled	none	hpRNA	0.25ug/mL	none
20201218_JM	20201218	20201218_JM_02	2	I	19	CT26	I19	297	mDDX5_pooled	none	hpRNA	0.25ug/mL	none
20201218_JM	20201218	20201218_JM_02	2	J	19	CT26	J19	298	mRNASEH2A_pooled	none	hpRNA	0.25ug/mL	none
20201218_JM	20201218	20201218_JM_02	2	K	19	CT26	K19	299	mDDX3X_pooled	none	hpRNA	0.25ug/mL	none
20201218_JM	20201218	20201218_JM_02	2	L	19	CT26	L19	300	mPARP14_pooled	none	hpRNA	0.25ug/mL	none
20201218_JM	20201218	20201218_JM_02	2	M	19	CT26	M19	301	mDDX6_pooled	none	hpRNA	0.25ug/mL	none
20201218_JM	20201218	20201218_JM_02	2	N	19	CT26	N19	302	Lethal	pos	hpRNA	0.25ug/mL	none
20201218_JM	20201218	20201218_JM_02	2	O	19	CT26	O19	303	NULL	NULL	hpRNA	0.25ug/mL	none
20201218_JM	20201218	20201218_JM_02	2	P	19	CT26	P19	304	NULL	NULL	hpRNA	0.25ug/mL	none
20201218_JM	20201218	20201218_JM_02	2	A	20	CT26	A20	305	NULL	NULL	hpRNA	0.25ug/mL	none
20201218_JM	20201218	20201218_JM_02	2	B	20	CT26	B20	306	NULL	NULL	hpRNA	0.25ug/mL	none
20201218_JM	20201218	20201218_JM_02	2	C	20	CT26	C20	307	NC_pooled	neg	hpRNA	0.25ug/mL	none
20201218_JM	20201218	20201218_JM_02	2	D	20	CT26	D20	308	mPARP7_pooled	none	hpRNA	0.25ug/mL	none
20201218_JM	20201218	20201218_JM_02	2	E	20	CT26	E20	309	mADAR_pooled	none	hpRNA	0.25ug/mL	none
20201218_JM	20201218	20201218_JM_02	2	F	20	CT26	F20	310	mTREX1_pooled	none	hpRNA	0.25ug/mL	none
20201218_JM	20201218	20201218_JM_02	2	G	20	CT26	G20	311	mWRN_pooled	none	hpRNA	0.25ug/mL	none
20201218_JM	20201218	20201218_JM_02	2	H	20	CT26	H20	312	mDHX9_pooled	none	hpRNA	0.25ug/mL	none
20201218_JM	20201218	20201218_JM_02	2	I	20	CT26	I20	313	mDDX5_pooled	none	hpRNA	0.25ug/mL	none
20201218_JM	20201218	20201218_JM_02	2	J	20	CT26	J20	314	mRNASEH2A_pooled	none	hpRNA	0.25ug/mL	none
20201218_JM	20201218	20201218_JM_02	2	K	20	CT26	K20	315	mDDX3X_pooled	none	hpRNA	0.25ug/mL	none
20201218_JM	20201218	20201218_JM_02	2	L	20	CT26	L20	316	mPARP14_pooled	none	hpRNA	0.25ug/mL	none
20201218_JM	20201218	20201218_JM_02	2	M	20	CT26	M20	317	mDDX6_pooled	none	hpRNA	0.25ug/mL	none
20201218_JM	20201218	20201218_JM_02	2	N	20	CT26	N20	318	Lethal	pos	hpRNA	0.25ug/mL	none
20201218_JM	20201218	20201218_JM_02	2	O	20	CT26	O20	319	NULL	NULL	hpRNA	0.25ug/mL	none
20201218_JM	20201218	20201218_JM_02	2	P	20	CT26	P20	320	NULL	NULL	hpRNA	0.25ug/mL	none
20201218_JM	20201218	20201218_JM_02	2	A	21	CT26	A21	321	NULL	NULL	hpRNA	0.25ug/mL	none
20201218_JM	20201218	20201218_JM_02	2	B	21	CT26	B21	322	NULL	NULL	hpRNA	0.25ug/mL	none
20201218_JM	20201218	20201218_JM_02	2	C	21	CT26	C21	323	NC_pooled	neg	hpRNA	0.25ug/mL	none
20201218_JM	20201218	20201218_JM_02	2	D	21	CT26	D21	324	mPARP7_pooled	none	hpRNA	0.25ug/mL	none
20201218_JM	20201218	20201218_JM_02	2	E	21	CT26	E21	325	mADAR_pooled	none	hpRNA	0.25ug/mL	none
20201218_JM	20201218	20201218_JM_02	2	F	21	CT26	F21	326	mTREX1_pooled	none	hpRNA	0.25ug/mL	none
20201218_JM	20201218	20201218_JM_02	2	G	21	CT26	G21	327	mWRN_pooled	none	hpRNA	0.25ug/mL	none
20201218_JM	20201218	20201218_JM_02	2	H	21	CT26	H21	328	mDHX9_pooled	none	hpRNA	0.25ug/mL	none
20201218_JM	20201218	20201218_JM_02	2	I	21	CT26	I21	329	mDDX5_pooled	none	hpRNA	0.25ug/mL	none
20201218_JM	20201218	20201218_JM_02	2	J	21	CT26	J21	330	mRNASEH2A_pooled	none	hpRNA	0.25ug/mL	none
20201218_JM	20201218	20201218_JM_02	2	K	21	CT26	K21	331	mDDX3X_pooled	none	hpRNA	0.25ug/mL	none
20201218_JM	20201218	20201218_JM_02	2	L	21	CT26	L21	332	mPARP14_pooled	none	hpRNA	0.25ug/mL	none
20201218_JM	20201218	20201218_JM_02	2	M	21	CT26	M21	333	mDDX6_pooled	none	hpRNA	0.25ug/mL	none
20201218_JM	20201218	20201218_JM_02	2	N	21	CT26	N21	334	Lethal	pos	hpRNA	0.25ug/mL	none
20201218_JM	20201218	20201218_JM_02	2	O	21	CT26	O21	335	NULL	NULL	hpRNA	0.25ug/mL	none
20201218_JM	20201218	20201218_JM_02	2	P	21	CT26	P21	336	NULL	NULL	hpRNA	0.25ug/mL	none
20201218_JM	20201218	20201218_JM_02	2	A	22	CT26	A22	337	NULL	NULL	hpRNA	0.25ug/mL	none
20201218_JM	20201218	20201218_JM_02	2	B	22	CT26	B22	338	NULL	NULL	hpRNA	0.25ug/mL	none
20201218_JM	20201218	20201218_JM_02	2	C	22	CT26	C22	339	NC_pooled	neg	hpRNA	0.25ug/mL	none
20201218_JM	20201218	20201218_JM_02	2	D	22	CT26	D22	340	mPARP7_pooled	none	hpRNA	0.25ug/mL	none
20201218_JM	20201218	20201218_JM_02	2	E	22	CT26	E22	341	mADAR_pooled	none	hpRNA	0.25ug/mL	none
20201218_JM	20201218	20201218_JM_02	2	F	22	CT26	F22	342	mTREX1_pooled	none	hpRNA	0.25ug/mL	none
20201218_JM	20201218	20201218_JM_02	2	G	22	CT26	G22	343	mWRN_pooled	none	hpRNA	0.25ug/mL	none
20201218_JM	20201218	20201218_JM_02	2	H	22	CT26	H22	344	mDHX9_pooled	none	hpRNA	0.25ug/mL	none
20201218_JM	20201218	20201218_JM_02	2	I	22	CT26	I22	345	mDDX5_pooled	none	hpRNA	0.25ug/mL	none
20201218_JM	20201218	20201218_JM_02	2	J	22	CT26	J22	346	mRNASEH2A_pooled	none	hpRNA	0.25ug/mL	none
20201218_JM	20201218	20201218_JM_02	2	K	22	CT26	K22	347	mDDX3X_pooled	none	hpRNA	0.25ug/mL	none
20201218_JM	20201218	20201218_JM_02	2	L	22	CT26	L22	348	mPARP14_pooled	none	hpRNA	0.25ug/mL	none
20201218_JM	20201218	20201218_JM_02	2	M	22	CT26	M22	349	mDDX6_pooled	none	hpRNA	0.25ug/mL	none
20201218_JM	20201218	20201218_JM_02	2	N	22	CT26	N22	350	Lethal	pos	hpRNA	0.25ug/mL	none
20201218_JM	20201218	20201218_JM_02	2	O	22	CT26	O22	351	NULL	NULL	hpRNA	0.25ug/mL	none
20201218_JM	20201218	20201218_JM_02	2	P	22	CT26	P22	352	NULL	NULL	hpRNA	0.25ug/mL	none
20201218_JM	20201218	20201218_JM_02	2	A	23	CT26	A23	353	NULL	NULL	NULL	0	NULL
20201218_JM	20201218	20201218_JM_02	2	B	23	CT26	B23	354	NULL	NULL	NULL	0	NULL
20201218_JM	20201218	20201218_JM_02	2	C	23	CT26	C23	355	NC_pooled	neg	NULL	0	NULL
20201218_JM	20201218	20201218_JM_02	2	D	23	CT26	D23	356	mPARP7_pooled	none	NULL	0	NULL
20201218_JM	20201218	20201218_JM_02	2	E	23	CT26	E23	357	mADAR_pooled	none	NULL	0	NULL
20201218_JM	20201218	20201218_JM_02	2	F	23	CT26	F23	358	mTREX1_pooled	none	NULL	0	NULL
20201218_JM	20201218	20201218_JM_02	2	G	23	CT26	G23	359	mWRN_pooled	none	NULL	0	NULL
20201218_JM	20201218	20201218_JM_02	2	H	23	CT26	H23	360	mDHX9_pooled	none	NULL	0	NULL
20201218_JM	20201218	20201218_JM_02	2	I	23	CT26	I23	361	mDDX5_pooled	none	NULL	0	NULL
20201218_JM	20201218	20201218_JM_02	2	J	23	CT26	J23	362	mRNASEH2A_pooled	none	NULL	0	NULL
20201218_JM	20201218	20201218_JM_02	2	K	23	CT26	K23	363	mDDX3X_pooled	none	NULL	0	NULL
20201218_JM	20201218	20201218_JM_02	2	L	23	CT26	L23	364	mPARP14_pooled	none	NULL	0	NULL
20201218_JM	20201218	20201218_JM_02	2	M	23	CT26	M23	365	mDDX6_pooled	none	NULL	0	NULL
20201218_JM	20201218	20201218_JM_02	2	N	23	CT26	N23	366	Lethal	pos	NULL	0	NULL
20201218_JM	20201218	20201218_JM_02	2	O	23	CT26	O23	367	NULL	NULL	NULL	0	NULL
20201218_JM	20201218	20201218_JM_02	2	P	23	CT26	P23	368	NULL	NULL	NULL	0	NULL
20201218_JM	20201218	20201218_JM_02	2	A	24	CT26	A24	369	NULL	NULL	NULL	0	NULL
20201218_JM	20201218	20201218_JM_02	2	B	24	CT26	B24	370	NULL	NULL	NULL	0	NULL
20201218_JM	20201218	20201218_JM_02	2	C	24	CT26	C24	371	NC_pooled	neg	NULL	0	NULL
20201218_JM	20201218	20201218_JM_02	2	D	24	CT26	D24	372	mPARP7_pooled	none	NULL	0	NULL
20201218_JM	20201218	20201218_JM_02	2	E	24	CT26	E24	373	mADAR_pooled	none	NULL	0	NULL
20201218_JM	20201218	20201218_JM_02	2	F	24	CT26	F24	374	mTREX1_pooled	none	NULL	0	NULL
20201218_JM	20201218	20201218_JM_02	2	G	24	CT26	G24	375	mWRN_pooled	none	NULL	0	NULL
20201218_JM	20201218	20201218_JM_02	2	H	24	CT26	H24	376	mDHX9_pooled	none	NULL	0	NULL
20201218_JM	20201218	20201218_JM_02	2	I	24	CT26	I24	377	mDDX5_pooled	none	NULL	0	NULL
20201218_JM	20201218	20201218_JM_02	2	J	24	CT26	J24	378	mRNASEH2A_pooled	none	NULL	0	NULL
20201218_JM	20201218	20201218_JM_02	2	K	24	CT26	K24	379	mDDX3X_pooled	none	NULL	0	NULL
20201218_JM	20201218	20201218_JM_02	2	L	24	CT26	L24	380	mPARP14_pooled	none	NULL	0	NULL
20201218_JM	20201218	20201218_JM_02	2	M	24	CT26	M24	381	mDDX6_pooled	none	NULL	0	NULL
20201218_JM	20201218	20201218_JM_02	2	N	24	CT26	N24	382	Lethal	pos	NULL	0	NULL
20201218_JM	20201218	20201218_JM_02	2	O	24	CT26	O24	383	NULL	NULL	NULL	0	NULL
20201218_JM	20201218	20201218_JM_02	2	P	24	CT26	P24	384	NULL	NULL	NULL	0	NULL
